noise,function,epoch,total_strength,non_gt_strength,total_detected_pairs,non_gt_detected_pairs,pct_non_gt_strength
0.0,0,5,322.8298773765564,244.4630036354065,45,34,0.7572502446861766
0.0,0,10,396.1695442199707,299.8462438583374,45,34,0.7568634394870315
0.0,0,15,475.09923553466797,359.0768241882324,45,34,0.7557933108103893
0.0,0,20,518.8203191757202,391.4987277984619,45,34,0.7545940537187475
0.0,0,25,542.9680862426758,409.1345453262329,45,34,0.7535149039005808
0.0,0,30,565.2744302749634,425.52594089508057,45,34,0.7527776211071382
0.0,0,35,584.8250484466553,440.02416801452637,45,34,0.7524030805165869
0.0,0,40,600.4704828262329,451.6461019515991,45,34,0.7521537109132106
0.0,0,45,611.265172958374,459.6822671890259,45,34,0.7520177617256931
0.0,0,50,620.5649433135986,466.58367824554443,45,34,0.751869217352419
0.0,0,55,625.5314702987671,470.31376457214355,45,34,0.7518626750265833
0.0,0,60,634.0821361541748,476.63868045806885,45,34,0.7516986416759344
0.0,0,65,636.919111251831,478.6501274108887,45,34,0.7515085023436119
0.0,0,70,638.9504146575928,480.0834074020386,45,34,0.7513625414255498
0.0,0,75,646.1073656082153,485.34443855285645,45,34,0.7511823334438775
0.0,0,80,652.0803956985474,489.78107357025146,45,34,0.7511053495874048
0.0,0,85,654.9381217956543,491.9102668762207,45,34,0.7510789958714599
0.0,0,90,661.7177906036377,496.9065418243408,45,34,0.7509342334154986
0.0,0,95,664.2132148742676,498.72640895843506,45,34,0.7508528854741935
0.0,0,100,669.2311563491821,502.3913516998291,45,34,0.750699286686673
0.0,0,105,675.1968507766724,506.7557497024536,45,34,0.7505303810578154
0.0,0,110,680.8023834228516,510.8420648574829,45,34,0.7503529325046359
0.0,0,115,684.1451282501221,513.2703561782837,45,34,0.7502360756278489
0.0,0,120,688.2755994796753,516.3300971984863,45,34,0.7501792851422052
0.0,0,125,689.0775060653687,516.9109449386597,45,34,0.7501492072934139
0.0,0,130,693.6863126754761,520.1060934066772,45,34,0.7497713071498864
0.0,0,135,697.0578966140747,522.5730037689209,45,34,0.7496837871105018
0.0,0,140,700.5235958099365,525.2056264877319,45,34,0.7497329563617269
0.0,0,145,702.9888296127319,527.0960855484009,45,34,0.7497929744328526
0.0,0,150,706.9013986587524,529.9520397186279,45,34,0.7496831110026629
0.0,0,155,708.7720565795898,531.3466691970825,45,34,0.7496721467283403
0.0,0,160,709.9439849853516,532.180362701416,45,34,0.7496089465599118
0.0,0,165,712.0507001876831,533.6845369338989,45,34,0.7495035631496872
0.0,0,170,726.2837066650391,544.2817268371582,45,34,0.7494064947930593
0.0,0,175,740.4233322143555,554.8512659072876,45,34,0.7493703152869515
0.0,0,180,744.0736923217773,557.5020055770874,45,34,0.7492564396914505
0.0,0,185,747.5551204681396,559.9849071502686,45,34,0.7490884508952194
0.0,0,190,749.188871383667,561.175012588501,45,34,0.7490434442146391
0.0,0,195,748.9494276046753,561.0099830627441,45,34,0.749062570028248
0.0,0,200,751.8128690719604,563.1368255615234,45,34,0.749038555640395
0.0,0,205,755.0689153671265,565.4877777099609,45,34,0.7489220734706197
0.0,0,210,757.4129333496094,567.3045196533203,45,34,0.7490029476318185
0.0,0,215,760.0757274627686,569.3127107620239,45,34,0.7490210385515965
0.0,0,220,762.7243604660034,571.2574157714844,45,34,0.7489696742116132
0.0,0,225,763.2690811157227,571.5874795913696,45,34,0.7488675930064406
0.0,0,230,762.2252035140991,570.5906372070312,45,34,0.7485853715889048
0.0,0,235,765.3502616882324,572.8104000091553,45,34,0.7484290901601474
0.0,0,240,766.3978128433228,573.744122505188,45,34,0.7486244257099408
0.0,0,245,770.2250375747681,576.6320028305054,45,34,0.7486539319030241
0.0,0,250,772.8424015045166,578.6145496368408,45,34,0.748683753001172
0.0,1,5,311.78795051574707,234.83432531356812,45,34,0.7531860192964925
0.0,1,10,424.1143116950989,310.2744765281677,45,34,0.7315821889812273
0.0,1,15,444.4286799430847,326.12970447540283,45,34,0.7338178636832517
0.0,1,20,470.98174953460693,345.9980525970459,45,34,0.7346315498189422
0.0,1,25,490.95838356018066,360.82040882110596,45,34,0.734930741389156
0.0,1,30,505.49707317352295,371.4691390991211,45,34,0.7348591293853158
0.0,1,35,520.1575775146484,382.3886413574219,45,34,0.7351399996603
0.0,1,40,533.399600982666,392.1352424621582,45,34,0.7351622343543912
0.0,1,45,543.3292579650879,399.47897815704346,45,34,0.7352428979311686
0.0,1,50,552.0863742828369,406.0983600616455,45,34,0.7355703364155086
0.0,1,55,558.8195552825928,411.23212242126465,45,34,0.7358942945604426
0.0,1,60,565.9584379196167,416.6818313598633,45,34,0.7362410442920969
0.0,1,65,570.5998382568359,420.04353427886963,45,34,0.7361438018666256
0.0,1,70,574.8097906112671,423.01201152801514,45,34,0.7359165039241465
0.0,1,75,578.664176940918,425.8840923309326,45,34,0.7359779804969937
0.0,1,80,580.4544477462769,427.2593936920166,45,34,0.7360773878999989
0.0,1,85,582.0042753219604,428.55789375305176,45,34,0.7363483601833954
0.0,1,90,583.1581468582153,429.1671152114868,45,34,0.735936070727364
0.0,1,95,584.2814674377441,430.13684844970703,45,34,0.7361808861335104
0.0,1,100,585.0410814285278,430.6062078475952,45,34,0.7360273005036826
0.0,1,105,583.7457799911499,429.6385803222656,45,34,0.7360028886697537
0.0,1,110,585.2748346328735,430.76576805114746,45,34,0.7360059626027727
0.0,1,115,584.8838014602661,430.4555311203003,45,34,0.7359676059511154
0.0,1,120,581.7569913864136,428.2899055480957,45,34,0.7362007021650334
0.0,1,125,578.3331279754639,425.39122200012207,45,34,0.7355470427386079
0.0,1,130,574.1279544830322,422.499303817749,45,34,0.7358974606944257
0.0,1,135,573.311450958252,421.6832342147827,45,34,0.7355220857876927
0.0,1,140,572.4677972793579,421.19371795654297,45,34,0.7357509364863093
0.0,1,145,574.3493070602417,422.5490970611572,45,34,0.7357005429743413
0.0,1,150,571.223536491394,420.13897609710693,45,34,0.735507116316864
0.0,1,155,566.8379430770874,416.7430086135864,45,34,0.7352066206988379
0.0,1,160,568.8202753067017,418.23722648620605,45,34,0.7352713056170447
0.0,1,165,570.1501731872559,419.3014717102051,45,34,0.7354228612546472
0.0,1,170,571.222752571106,420.1970672607422,45,34,0.7356098218591796
0.0,1,175,572.1531496047974,420.7837314605713,45,34,0.735438984738995
0.0,1,180,573.8715400695801,422.03912258148193,45,34,0.7354243817881443
0.0,1,185,573.9969730377197,422.2106399536133,45,34,0.7355624851454875
0.0,1,190,573.758526802063,422.1079740524292,45,34,0.7356892391736927
0.0,1,195,574.8185758590698,422.8956604003906,45,34,0.7357028428811121
0.0,1,200,574.7923460006714,422.8797016143799,45,34,0.7357086512315618
0.0,1,205,575.3803644180298,423.3021984100342,45,34,0.7356910742656012
0.0,1,210,574.9497528076172,423.0330810546875,45,34,0.7357740028392308
0.0,1,215,574.5254716873169,422.6583766937256,45,34,0.7356651663370548
0.0,1,220,574.7767677307129,422.84982681274414,45,34,0.7356766149094801
0.0,1,225,575.3712310791016,423.34498405456543,45,34,0.7357771142999041
0.0,1,230,574.0503597259521,422.26638889312744,45,34,0.7355911928958879
0.0,1,235,574.6585550308228,422.7542791366577,45,34,0.7356616819425612
0.0,1,240,573.8823337554932,422.1271057128906,45,34,0.7355638619340045
0.0,1,245,574.4527463912964,422.6903266906738,45,34,0.7358139191535029
0.0,1,250,570.8094825744629,419.9444971084595,45,34,0.735699931287803
0.0,2,5,326.23143672943115,259.06554651260376,45,36,0.7941158249793872
0.0,2,10,418.76124477386475,325.24516677856445,45,36,0.7766840194445388
0.0,2,15,450.80788469314575,345.4228992462158,45,36,0.766230829084403
0.0,2,20,475.6412944793701,360.1459493637085,45,36,0.7571797351151315
0.0,2,25,493.7835326194763,374.4155983924866,45,36,0.7582585761948063
0.0,2,30,502.97854137420654,382.3279962539673,45,36,0.7601278480179171
0.0,2,35,517.0065717697144,393.703218460083,45,36,0.7615052495608237
0.0,2,40,526.9840021133423,402.09259033203125,45,36,0.7630072046201309
0.0,2,45,536.8927307128906,410.21810245513916,45,36,0.7640597068812002
0.0,2,50,545.7623414993286,417.46708488464355,45,36,0.7649246808377604
0.0,2,55,549.8545074462891,420.9559450149536,45,36,0.7655769650230114
0.0,2,60,557.6986293792725,426.8662004470825,45,36,0.7654065797547157
0.0,2,65,560.7046098709106,429.3587894439697,45,36,0.7657486346381546
0.0,2,70,568.0342283248901,435.00768661499023,45,36,0.7658124544674173
0.0,2,75,572.1220798492432,438.37353134155273,45,36,0.7662237602454801
0.0,2,80,575.0087413787842,440.76680278778076,45,36,0.766539308134495
0.0,2,85,578.7619409561157,443.86918449401855,45,36,0.7669287717169949
0.0,2,90,581.161922454834,445.71491050720215,45,36,0.7669375664264049
0.0,2,95,582.8589763641357,446.9798183441162,45,36,0.7668747269405849
0.0,2,100,584.2777051925659,448.0915584564209,45,36,0.7669153802620936
0.0,2,105,587.034782409668,450.45867443084717,45,36,0.7673457994802246
0.0,2,110,587.8910684585571,451.16124153137207,45,36,0.7674231940864662
0.0,2,115,587.2451915740967,450.4729585647583,45,36,0.7670951844786937
0.0,2,120,584.8168640136719,448.4842233657837,45,36,0.7668797720499698
0.0,2,125,583.8216667175293,447.6402072906494,45,36,0.7667413403950124
0.0,2,130,581.0282554626465,445.4066801071167,45,36,0.7665835110763396
0.0,2,135,576.4345846176147,441.46637535095215,45,36,0.7658568502509331
0.0,2,140,570.9195604324341,436.8751230239868,45,36,0.7652130935802617
0.0,2,145,572.7617807388306,438.394193649292,45,36,0.7654040621980526
0.0,2,150,576.5507640838623,441.3519821166992,45,36,0.7655041144867887
0.0,2,155,569.7482872009277,435.59320640563965,45,36,0.7645362279992645
0.0,2,160,569.6403980255127,435.52584743499756,45,36,0.7645627819666868
0.0,2,165,570.9302349090576,436.6328315734863,45,36,0.7647744065315369
0.0,2,170,572.4330606460571,437.6469774246216,45,36,0.7645382622217616
0.0,2,175,572.6764297485352,437.9291477203369,45,36,0.7647060800330701
0.0,2,180,573.1102561950684,438.2932825088501,45,36,0.7647625876017622
0.0,2,185,572.9077234268188,438.0081024169922,45,36,0.7645351677178794
0.0,2,190,574.2293529510498,438.9346513748169,45,36,0.7643890879472912
0.0,2,195,572.0277919769287,437.30367374420166,45,36,0.7644797680771399
0.0,2,200,571.4411640167236,436.7778425216675,45,36,0.7643443805334333
0.0,2,205,571.4567127227783,436.6585235595703,45,36,0.764114785666012
0.0,2,210,573.0107364654541,438.06151485443115,45,36,0.7644909370399562
0.0,2,215,570.1835165023804,435.92222023010254,45,36,0.7645296779256892
0.0,2,220,571.9396772384644,436.98197841644287,45,36,0.7640350823820306
0.0,2,225,571.0508413314819,436.50361728668213,45,36,0.7643866109520377
0.0,2,230,570.6924228668213,436.0595302581787,45,36,0.7640885226190189
0.0,2,235,569.1345386505127,434.6863079071045,45,36,0.7637672261778347
0.0,2,240,564.1891927719116,431.03350257873535,45,36,0.7639875206772904
0.0,2,245,557.7354354858398,426.07673168182373,45,36,0.7639405793011343
0.0,2,250,558.2988414764404,426.2541513442993,45,36,0.7634874366155854
0.0,3,5,282.2611675262451,217.41600847244263,45,35,0.7702653906589051
0.0,3,10,384.9650287628174,286.81843757629395,45,35,0.7450506309574583
0.0,3,15,412.64317750930786,303.99224758148193,45,35,0.7366951985402064
0.0,3,20,448.064799785614,325.87258195877075,45,35,0.7272889593529565
0.0,3,25,468.75415420532227,339.3194189071655,45,35,0.7238750118010413
0.0,3,30,483.44248628616333,351.1208577156067,45,35,0.7262929255823981
0.0,3,35,493.56641578674316,359.32146644592285,45,35,0.7280103648729116
0.0,3,40,502.7800717353821,366.7778630256653,45,35,0.7294996035934838
0.0,3,45,511.124550819397,373.8894109725952,45,35,0.7315035256537818
0.0,3,50,517.0451011657715,378.7761878967285,45,35,0.7325786223343157
0.0,3,55,525.5238018035889,385.4256258010864,45,35,0.7334123106856653
0.0,3,60,528.374547958374,387.927264213562,45,35,0.7341899145454724
0.0,3,65,534.3773126602173,392.719349861145,45,35,0.7349102227153383
0.0,3,70,539.6754331588745,396.96832180023193,45,35,0.7355686351640321
0.0,3,75,544.415244102478,400.981894493103,45,35,0.7365368601207343
0.0,3,80,548.9558525085449,404.71167182922363,45,35,0.7372390147219047
0.0,3,85,553.1026611328125,408.0935277938843,45,35,0.7378260067634912
0.0,3,90,555.73606300354,410.221230506897,45,35,0.7381583773595832
0.0,3,95,558.0028486251831,412.33662700653076,45,35,0.7389507562953344
0.0,3,100,561.1564645767212,415.0825996398926,45,35,0.7396913799308853
0.0,3,105,565.6773624420166,418.50388622283936,45,35,0.7398278842486583
0.0,3,110,568.2512807846069,420.90283393859863,45,35,0.7406984342515528
0.0,3,115,570.2258338928223,422.4921770095825,45,35,0.7409207929519938
0.0,3,120,571.1874084472656,423.2984275817871,45,35,0.7410850122422946
0.0,3,125,572.4119272232056,424.5363082885742,45,35,0.7416622332592142
0.0,3,130,573.2518291473389,425.2062520980835,45,35,0.7417442570231991
0.0,3,135,573.7429304122925,425.6640291213989,45,35,0.7419072315462177
0.0,3,140,575.2076282501221,426.8879051208496,45,35,0.7421457646858984
0.0,3,145,576.3003520965576,427.853328704834,45,35,0.7424137902194922
0.0,3,150,577.3675508499146,428.62603187561035,45,35,0.7423798432119196
0.0,3,155,576.5280256271362,427.98100185394287,45,35,0.7423420594140112
0.0,3,160,577.3545255661011,428.39520931243896,45,35,0.7419967980547013
0.0,3,165,577.2347793579102,428.5544319152832,45,35,0.7424265606309914
0.0,3,170,576.0785675048828,427.46579360961914,45,35,0.7420269000130701
0.0,3,175,576.314151763916,427.5725317001343,45,35,0.7419087842827887
0.0,3,180,576.4399547576904,427.7386016845703,45,35,0.7420349650543772
0.0,3,185,574.1454210281372,426.0782890319824,45,35,0.7421086599784984
0.0,3,190,566.3956441879272,419.7933874130249,45,35,0.7411663414447778
0.0,3,195,563.6952428817749,416.9262218475342,45,35,0.7396305487981142
0.0,3,200,563.4889307022095,416.8304634094238,45,35,0.7397314138717449
0.0,3,205,556.8006830215454,411.5143404006958,45,35,0.7390693886501061
0.0,3,210,552.6381425857544,407.70005798339844,45,35,0.7377341999518857
0.0,3,215,545.307713508606,402.3265104293823,45,35,0.7377972114876973
0.0,3,220,547.2943534851074,403.51316261291504,45,35,0.7372872751991482
0.0,3,225,546.3095607757568,402.2801218032837,45,35,0.7363592927644305
0.0,3,230,543.2453861236572,400.31872272491455,45,35,0.7369022046950078
0.0,3,235,544.4974393844604,401.0484685897827,45,35,0.7365479423432301
0.0,3,240,549.1874685287476,404.5535659790039,45,35,0.736640198769988
0.0,3,245,547.0638580322266,403.18900966644287,45,35,0.7370053856540656
0.0,3,250,550.2105684280396,405.8237237930298,45,35,0.7375789326484112
0.0,4,5,251.24792528152466,206.29332447052002,45,37,0.8210747381868583
0.0,4,10,302.8969168663025,247.87199068069458,45,37,0.818337780539719
0.0,4,15,319.2876615524292,259.42902851104736,45,37,0.8125244403421663
0.0,4,20,320.6197118759155,260.0995545387268,45,37,0.8112400607464468
0.0,4,25,325.66622400283813,263.45555210113525,45,37,0.8089741357360979
0.0,4,30,332.2772378921509,267.82398748397827,45,37,0.8060256825985372
0.0,4,35,339.3341612815857,272.5401153564453,45,37,0.8031614451286728
0.0,4,40,345.72791957855225,276.50523948669434,45,37,0.7997770033260772
0.0,4,45,351.59417390823364,280.22090005874634,45,37,0.7970009768474815
0.0,4,50,355.4133324623108,282.55156564712524,45,37,0.794994278041292
0.0,4,55,357.70178985595703,283.79550409317017,45,37,0.7933857535559187
0.0,4,60,360.52818632125854,285.7873864173889,45,37,0.792690827681166
0.0,4,65,363.70112895965576,288.25874280929565,45,37,0.7925703822637034
0.0,4,70,366.0270962715149,290.1462244987488,45,37,0.7926905615848743
0.0,4,75,368.3911271095276,292.0180983543396,45,37,0.7926849396335159
0.0,4,80,370.76880502700806,293.94858026504517,45,37,0.7928082845147454
0.0,4,85,373.12771701812744,295.8882489204407,45,37,0.7929945576947448
0.0,4,90,374.66715240478516,297.1541132926941,45,37,0.7931149325085539
0.0,4,95,376.16905307769775,298.40928077697754,45,37,0.7932850359046953
0.0,4,100,377.80155849456787,299.6805739402771,45,37,0.7932221749810097
0.0,4,105,379.7542495727539,301.2537384033203,45,37,0.7932860231116514
0.0,4,110,381.5861482620239,302.7680130004883,45,37,0.7934460262236396
0.0,4,115,382.62609243392944,303.5709648132324,45,37,0.7933880381292899
0.0,4,120,384.06648111343384,304.7350182533264,45,37,0.7934434095104547
0.0,4,125,385.1664147377014,305.6415343284607,45,37,0.7935311144316722
0.0,4,130,386.74270153045654,306.93918085098267,45,37,0.7936521610784941
0.0,4,135,387.60094261169434,307.6396656036377,45,37,0.7937020574065938
0.0,4,140,388.37494945526123,308.2999267578125,45,37,0.7938203202607078
0.0,4,145,389.20969104766846,308.99813747406006,45,37,0.7939117256877725
0.0,4,150,389.942177772522,309.6202964782715,45,37,0.7940159185829132
0.0,4,155,390.7806181907654,310.3004536628723,45,37,0.7940528245732845
0.0,4,160,391.53440284729004,310.9179410934448,45,37,0.7941012049832852
0.0,4,165,392.03635263442993,311.3301959037781,45,37,0.794136038180341
0.0,4,170,392.5345878601074,311.76860332489014,45,37,0.7942449225289627
0.0,4,175,393.24946451187134,312.35352182388306,45,37,0.7942884860926568
0.0,4,180,393.5258173942566,312.56660318374634,45,37,0.7942721655555282
0.0,4,185,393.92713594436646,312.91380071640015,45,37,0.7943443651482581
0.0,4,190,394.35888481140137,313.26857566833496,45,37,0.7943743319442443
0.0,4,195,394.6746826171875,313.5329780578613,45,37,0.7944086405004348
0.0,4,200,395.0969672203064,313.8807339668274,45,37,0.794439745197554
0.0,4,205,395.3894238471985,314.1261944770813,45,37,0.7944729310677696
0.0,4,210,395.73606872558594,314.41314125061035,45,37,0.7945021091030045
0.0,4,215,395.9369435310364,314.58227586746216,45,37,0.7945262017278822
0.0,4,220,396.1155753135681,314.711865901947,45,37,0.7944950552697099
0.0,4,225,396.36201667785645,314.9258031845093,45,37,0.7945408236240373
0.0,4,230,396.5558362007141,315.0852589607239,45,37,0.7945545877712029
0.0,4,235,396.6977095603943,315.20844888687134,45,37,0.7945809650279374
0.0,4,240,396.97792291641235,315.4359631538391,45,37,0.7945932127320251
0.0,4,245,397.0262842178345,315.47407627105713,45,37,0.7945924207324437
0.0,4,250,397.2685966491699,315.67343044281006,45,37,0.7946095742412336
0.0,5,5,1128.2983360290527,919.1633758544922,45,37,0.8146456894454055
0.0,5,10,1187.135549545288,963.4726142883301,45,37,0.8115944423173672
0.0,5,15,1211.5100803375244,982.568769454956,45,37,0.8110281419872408
0.0,5,20,1270.209035873413,1031.1142921447754,45,37,0.8117674044380943
0.0,5,25,1327.718225479126,1078.8848094940186,45,37,0.8125856742718787
0.0,5,30,1366.8810997009277,1111.7319469451904,45,37,0.8133347861700887
0.0,5,35,1413.7231712341309,1150.3474407196045,45,37,0.813700633990027
0.0,5,40,1442.681972503662,1174.6847553253174,45,37,0.8142368018134606
0.0,5,45,1473.3899536132812,1200.2275428771973,45,37,0.814602773647131
0.0,5,50,1498.9747638702393,1221.4681339263916,45,37,0.8148690447413889
0.0,5,55,1518.9674129486084,1238.1780796051025,45,37,0.815144596947975
0.0,5,60,1536.8710918426514,1252.9225463867188,45,37,0.815242444884893
0.0,5,65,1550.1935195922852,1264.120346069336,45,37,0.8154597023485237
0.0,5,70,1558.7568759918213,1271.2296733856201,45,37,0.815540699749439
0.0,5,75,1564.8236598968506,1276.2841148376465,45,37,0.8156089069625745
0.0,5,80,1570.5185508728027,1281.0713424682617,45,37,0.8156995928232215
0.0,5,85,1573.3369617462158,1283.5005283355713,45,37,0.8157823527587114
0.0,5,90,1576.525583267212,1286.1701335906982,45,37,0.8158257292122224
0.0,5,95,1579.0304279327393,1288.2456188201904,45,37,0.815845974866207
0.0,5,100,1580.0738506317139,1289.0666522979736,45,37,0.8158268373232073
0.0,5,105,1579.433053970337,1288.4813842773438,45,37,0.8157872731853957
0.0,5,110,1579.3676490783691,1288.5746631622314,45,37,0.8158801175357562
0.0,5,115,1577.0293426513672,1286.7215900421143,45,37,0.8159148059216348
0.0,5,120,1573.7259254455566,1284.0259971618652,45,37,0.8159146242687261
0.0,5,125,1558.6814136505127,1271.5400733947754,45,37,0.8157793262041676
0.0,5,130,1495.7893886566162,1217.5767517089844,45,37,0.8140028007569313
0.0,5,135,1490.3954105377197,1211.3037300109863,45,37,0.8127398416866832
0.0,5,140,1502.81911277771,1220.8491764068604,45,37,0.812372670820192
0.0,5,145,1532.8419380187988,1245.1031589508057,45,37,0.8122841162345175
0.0,5,150,1531.6170024871826,1243.9758911132812,45,37,0.8121977551131885
0.0,5,155,1534.6851711273193,1246.4627590179443,45,37,0.8121944373140331
0.0,5,160,1537.3994750976562,1247.7065181732178,45,37,0.8115694966618628
0.0,5,165,1519.8269023895264,1233.8402709960938,45,37,0.8118294715379791
0.0,5,170,1525.8262271881104,1238.6938877105713,45,37,0.8118184532673255
0.0,5,175,1532.0820579528809,1243.5660438537598,45,37,0.8116837067561331
0.0,5,180,1523.8697471618652,1236.5647373199463,45,37,0.8114635385491368
0.0,5,185,1529.1661758422852,1240.940097808838,45,37,0.8115142208957838
0.0,5,190,1535.782485961914,1245.982744216919,45,37,0.8113015714178534
0.0,5,195,1532.5775146484375,1243.5832271575928,45,37,0.8114325150091095
0.0,5,200,1528.7076606750488,1240.3916091918945,45,37,0.811398831248193
0.0,5,205,1529.0789394378662,1240.7896671295166,45,37,0.8114621391526498
0.0,5,210,1529.0818843841553,1240.692533493042,45,37,0.8113970521550818
0.0,5,215,1530.3701877593994,1241.6943168640137,45,37,0.8113686000914366
0.0,5,220,1526.3330726623535,1238.5654258728027,45,37,0.8114647111147215
0.0,5,225,1525.8032474517822,1237.8456115722656,45,37,0.811274726043197
0.0,5,230,1524.6172275543213,1236.944637298584,45,37,0.8113148762478558
0.0,5,235,1523.9058952331543,1236.4107971191406,45,37,0.8113432732209306
0.0,5,240,1523.3245944976807,1235.8877696990967,45,37,0.8113095358423149
0.0,5,245,1523.5050582885742,1236.0823707580566,45,37,0.8113411662358417
0.0,5,250,1524.0316257476807,1236.4695587158203,45,37,0.8113148951939991
0.0,6,5,455.02938747406006,312.4128017425537,45,31,0.6865771977427783
0.0,6,10,508.4942989349365,348.2609453201294,45,31,0.6848866271452333
0.0,6,15,538.9787588119507,368.8404722213745,45,31,0.6843321117781972
0.0,6,20,546.2022829055786,372.9284267425537,45,31,0.6827661443645425
0.0,6,25,560.2310161590576,381.7097978591919,45,31,0.6813435651531623
0.0,6,30,566.6870994567871,385.88728046417236,45,31,0.6809530000490114
0.0,6,35,575.1833391189575,391.37929344177246,45,31,0.6804426811827872
0.0,6,40,584.3873767852783,397.44795989990234,45,31,0.6801104467489826
0.0,6,45,592.9871368408203,403.2118625640869,45,31,0.6799673003232838
0.0,6,50,598.2884006500244,406.71716499328613,45,31,0.6798011871054128
0.0,6,55,604.5600872039795,410.85517024993896,45,31,0.6795936068986889
0.0,6,60,607.8451175689697,412.9772300720215,45,31,0.6794119392184834
0.0,6,65,613.1679496765137,416.43793201446533,45,31,0.6791580222582785
0.0,6,70,616.9520454406738,419.02146339416504,45,31,0.6791799565148819
0.0,6,75,619.4896450042725,420.6774435043335,45,31,0.6790709851194228
0.0,6,80,622.2145586013794,422.5588140487671,45,31,0.6791207441346256
0.0,6,85,624.1917495727539,423.8203058242798,45,31,0.6789905603756781
0.0,6,90,626.1070528030396,425.073278427124,45,31,0.678914694418628
0.0,6,95,627.0584478378296,425.6136875152588,45,31,0.6787464374059923
0.0,6,100,628.6049289703369,426.68958282470703,45,31,0.6787881595577518
0.0,6,105,629.7184543609619,427.4294843673706,45,31,0.6787628366412181
0.0,6,110,630.4565544128418,427.9445447921753,45,31,0.6787851467270871
0.0,6,115,631.0096139907837,428.3133182525635,45,31,0.6787746315681628
0.0,6,120,631.6832218170166,428.7619171142578,45,31,0.6787609711730781
0.0,6,125,631.8511343002319,428.8752841949463,45,31,0.6787600131001112
0.0,6,130,632.4498357772827,429.2769184112549,45,31,0.6787525177924532
0.0,6,135,632.7649927139282,429.4872236251831,45,31,0.6787468152798913
0.0,6,140,632.8724756240845,429.5574960708618,45,31,0.6787425786644748
0.0,6,145,633.3061714172363,429.87371730804443,45,31,0.6787770855699324
0.0,6,150,633.2751026153564,429.83690547943115,45,31,0.6787522574379624
0.0,6,155,633.2598562240601,429.8276205062866,45,31,0.6787539369212823
0.0,6,160,633.7821521759033,430.1804189682007,45,31,0.6787512357224055
0.0,6,165,633.7798147201538,430.16107654571533,45,31,0.6787232198861568
0.0,6,170,633.5659227371216,430.0136966705322,45,31,0.6787197373444472
0.0,6,175,633.419976234436,429.93150424957275,45,31,0.6787463616247705
0.0,6,180,633.6938714981079,430.1320753097534,45,31,0.6787695047340173
0.0,6,185,633.8747129440308,430.235125541687,45,31,0.6787384269415947
0.0,6,190,633.7811632156372,430.1680955886841,45,31,0.6787328506358958
0.0,6,195,633.8756237030029,430.2455472946167,45,31,0.6787538930448033
0.0,6,200,634.0215930938721,430.337797164917,45,31,0.6787431246071162
0.0,6,205,633.7306699752808,430.09393787384033,45,31,0.6786699117633297
0.0,6,210,633.2622690200806,429.8408031463623,45,31,0.6787721678278791
0.0,6,215,633.6336851119995,430.0891466140747,45,31,0.678766228373816
0.0,6,220,633.4652109146118,429.9473295211792,45,31,0.6787228755631435
0.0,6,225,631.0525150299072,428.401403427124,45,31,0.6788680707608309
0.0,6,230,628.6139707565308,426.5233488082886,45,31,0.6785139507716814
0.0,6,235,626.0072393417358,424.77230739593506,45,31,0.6785421648519502
0.0,6,240,624.3434238433838,423.98478603363037,45,31,0.6790890555451514
0.0,6,245,616.5598154067993,418.3581590652466,45,31,0.678536207860413
0.0,6,250,617.519474029541,418.8433494567871,45,31,0.6782674345857953
0.0,7,5,363.31938314437866,261.15547609329224,45,33,0.7188041382023141
0.0,7,10,426.25500106811523,303.8985939025879,45,33,0.7129502132316904
0.0,7,15,490.2653694152832,348.32513904571533,45,33,0.7104828543389591
0.0,7,20,519.8776226043701,368.95379161834717,45,33,0.7096935424341633
0.0,7,25,531.6314477920532,376.9104051589966,45,33,0.708969355978399
0.0,7,30,540.4514865875244,382.9133110046387,45,33,0.70850635164758
0.0,7,35,548.6986703872681,388.794695854187,45,33,0.7085759759173053
0.0,7,40,555.1705150604248,393.46220779418945,45,33,0.7087231708466439
0.0,7,45,559.6982660293579,396.82694816589355,45,33,0.709001567900298
0.0,7,50,566.2615070343018,401.45719146728516,45,33,0.708960765441833
0.0,7,55,570.0243844985962,404.19664669036865,45,33,0.7090865894200414
0.0,7,60,572.4789228439331,405.94786834716797,45,33,0.7091053524390366
0.0,7,65,575.3744058609009,407.91246604919434,45,33,0.7089513574015458
0.0,7,70,578.0382852554321,409.76572036743164,45,33,0.7088902773738552
0.0,7,75,579.9569158554077,411.02112674713135,45,33,0.7087097601739861
0.0,7,80,580.5935487747192,411.56642055511475,45,33,0.7088718457579852
0.0,7,85,582.2973461151123,412.762975692749,45,33,0.7088525792648052
0.0,7,90,582.8691120147705,412.97470569610596,45,33,0.7085204845880391
0.0,7,95,584.1030225753784,413.8702058792114,45,33,0.7085568639148769
0.0,7,100,584.7488431930542,414.26361179351807,45,33,0.7084470822232113
0.0,7,105,585.7732315063477,414.89782428741455,45,33,0.7082908572323825
0.0,7,110,586.0901975631714,415.09637928009033,45,33,0.7082465821915555
0.0,7,115,586.7139720916748,415.54639625549316,45,33,0.7082606108288875
0.0,7,120,587.8609752655029,416.31634521484375,45,33,0.7081884369460261
0.0,7,125,588.2546911239624,416.6247510910034,45,33,0.7082387227460422
0.0,7,130,588.9367198944092,417.13907527923584,45,33,0.7082918439081608
0.0,7,135,589.3605813980103,417.4527587890625,45,33,0.7083146921682997
0.0,7,140,590.2303314208984,418.06519889831543,45,33,0.7083085647121525
0.0,7,145,590.5346269607544,418.3131332397461,45,33,0.7083634289027823
0.0,7,150,591.0829582214355,418.71570587158203,45,33,0.7083873761671186
0.0,7,155,591.7137289047241,419.1770429611206,45,33,0.7084118932596449
0.0,7,160,591.6068649291992,419.1363592147827,45,33,0.7084710879156926
0.0,7,165,591.9771690368652,419.3819704055786,45,33,0.7084428122251806
0.0,7,170,592.1323041915894,419.51783657073975,45,33,0.7084866567843942
0.0,7,175,592.3036556243896,419.63258934020996,45,33,0.7084754337668987
0.0,7,180,592.6179084777832,419.85927391052246,45,33,0.7084822579678453
0.0,7,185,592.8710460662842,420.0594358444214,45,33,0.7085173725914373
0.0,7,190,592.777663230896,420.0358190536499,45,33,0.7085891475132031
0.0,7,195,593.4206476211548,420.3869876861572,45,33,0.7084131456688636
0.0,7,200,593.2803630828857,420.33134269714355,45,33,0.7084868619499873
0.0,7,205,593.4516439437866,420.46352672576904,45,33,0.708505117504731
0.0,7,210,593.4160995483398,420.45507621765137,45,33,0.7085333150510525
0.0,7,215,593.8654975891113,420.7453260421753,45,33,0.7084858907450512
0.0,7,220,593.8432912826538,420.7510986328125,45,33,0.7085221047526246
0.0,7,225,594.0235843658447,420.9012784957886,45,33,0.7085598780478133
0.0,7,230,594.0895090103149,420.94378662109375,45,33,0.7085528026279022
0.0,7,235,594.218111038208,421.04327869415283,45,33,0.7085668896198944
0.0,7,240,594.1686401367188,421.00515365600586,45,33,0.7085617200516194
0.0,7,245,594.6418581008911,421.3520174026489,45,33,0.70858115967201
0.0,7,250,594.330397605896,421.082314491272,45,33,0.7084987007016481
0.0,8,5,315.63787508010864,207.09458684921265,45,30,0.6561145008236148
0.0,8,10,419.7259292602539,275.60803508758545,45,30,0.6566380961341375
0.0,8,15,470.6003885269165,308.87824535369873,45,30,0.6563493207486619
0.0,8,20,480.5188446044922,314.77244567871094,45,30,0.6550678484582529
0.0,8,25,487.5557689666748,319.21952056884766,45,30,0.6547343727372984
0.0,8,30,491.63885402679443,322.0364046096802,45,30,0.6550263510949613
0.0,8,35,495.5334138870239,324.69004249572754,45,30,0.6552333977820365
0.0,8,40,498.7287378311157,326.7899971008301,45,30,0.655245973035326
0.0,8,45,502.7346773147583,329.38597869873047,45,30,0.655188499146447
0.0,8,50,505.66213607788086,331.39902687072754,45,30,0.6553763931015107
0.0,8,55,508.7222375869751,333.43790435791016,45,30,0.655441967584329
0.0,8,60,512.3554544448853,335.8604745864868,45,30,0.6555223949950456
0.0,8,65,514.8597822189331,337.67258071899414,45,30,0.6558534816289174
0.0,8,70,518.9046316146851,340.35713386535645,45,30,0.6559146192360247
0.0,8,75,520.1356735229492,341.2551259994507,45,30,0.6560886771870172
0.0,8,80,522.3644866943359,342.77022647857666,45,30,0.6561897587022405
0.0,8,85,524.6035575866699,344.2685422897339,45,30,0.6562451537184943
0.0,8,90,526.3473663330078,345.43982887268066,45,30,0.6562962996838255
0.0,8,95,528.8481168746948,347.048921585083,45,30,0.6562355249291963
0.0,8,100,528.4504470825195,346.9193754196167,45,30,0.6564842121619839
0.0,8,105,530.3124799728394,348.12184047698975,45,30,0.6564466302863899
0.0,8,110,530.8652830123901,348.4820022583008,45,30,0.6564414992083155
0.0,8,115,530.7351160049438,348.366982460022,45,30,0.6563857788086821
0.0,8,120,531.8841981887817,349.0724468231201,45,30,0.6562940730553968
0.0,8,125,531.0739221572876,348.5768098831177,45,30,0.6563621283966554
0.0,8,130,524.8695106506348,344.08086490631104,45,30,0.6555550625902874
0.0,8,135,524.3851737976074,343.74364948272705,45,30,0.6555174834431879
0.0,8,140,520.9470987319946,341.280912399292,45,30,0.6551162550477433
0.0,8,145,522.3050832748413,342.1917781829834,45,30,0.6551568980287303
0.0,8,150,524.0096912384033,343.1703863143921,45,30,0.6548932053210114
0.0,8,155,521.1844940185547,341.48840045928955,45,30,0.655215963595286
0.0,8,160,520.2690687179565,340.7244472503662,45,30,0.654900450049772
0.0,8,165,519.3639106750488,340.1083221435547,45,30,0.6548555168215184
0.0,8,170,521.4995584487915,341.36105155944824,45,30,0.6545759167559629
0.0,8,175,522.5169258117676,341.97417640686035,45,30,0.6544748304097101
0.0,8,180,523.106743812561,342.4131565093994,45,30,0.6545760699122086
0.0,8,185,521.8524208068848,341.7055072784424,45,30,0.654793373862478
0.0,8,190,520.085000038147,340.3796548843384,45,30,0.6544692787897588
0.0,8,195,518.3625602722168,339.4269895553589,45,30,0.6548061445199842
0.0,8,200,511.09321308135986,334.4859857559204,45,30,0.6544520200910467
0.0,8,205,504.94863414764404,330.21997451782227,45,30,0.6539674576508849
0.0,8,210,506.1260805130005,330.4549894332886,45,30,0.6529104153224915
0.0,8,215,503.6115913391113,328.7276678085327,45,30,0.6527404719467237
0.0,8,220,505.9400577545166,330.2041931152344,45,30,0.6526547721498059
0.0,8,225,505.4854316711426,330.0197629928589,45,30,0.6528769027067859
0.0,8,230,510.0058059692383,332.88738918304443,45,30,0.6527129402976294
0.0,8,235,504.5605745315552,329.4347448348999,45,30,0.6529141622703151
0.0,8,240,501.2134771347046,326.51443004608154,45,30,0.6514478260095306
0.0,8,245,492.94618225097656,320.80668449401855,45,30,0.6507945411588231
0.0,8,250,496.63902473449707,323.2472972869873,45,30,0.6508697085570238
0.0,9,5,301.9098539352417,259.8818917274475,45,39,0.8607930093702411
0.0,9,10,373.23497247695923,321.0101809501648,45,39,0.8600753000711387
0.0,9,15,392.17469120025635,336.6834478378296,45,39,0.8585037622071024
0.0,9,20,401.3080801963806,344.23610258102417,45,39,0.8577851271087562
0.0,9,25,408.357382774353,350.4877815246582,45,39,0.8582868739716827
0.0,9,30,412.2558431625366,353.91277599334717,45,39,0.8584784954856591
0.0,9,35,418.7579164505005,359.37084770202637,45,39,0.8581828153796948
0.0,9,40,425.08550453186035,364.3809642791748,45,39,0.8571945182662972
0.0,9,45,432.1448860168457,370.18685245513916,45,39,0.8566267111644307
0.0,9,50,438.0009489059448,374.95462799072266,45,39,0.8560589398888233
0.0,9,55,442.8749752044678,378.9298086166382,45,39,0.8556135023020706
0.0,9,60,447.71380138397217,382.9877643585205,45,39,0.8554298821582638
0.0,9,65,451.7878408432007,386.4143543243408,45,39,0.8553004737868775
0.0,9,70,455.21415615081787,389.3862495422363,45,39,0.8553913455477583
0.0,9,75,458.0090265274048,391.81350803375244,45,39,0.8554711486899212
0.0,9,80,461.02989196777344,394.3686990737915,45,39,0.85540808946366
0.0,9,85,463.1741781234741,396.30363750457764,45,39,0.8556254994831105
0.0,9,90,464.8742551803589,397.86303520202637,45,39,0.8558508688498252
0.0,9,95,466.33041191101074,399.1602897644043,45,39,0.8559602367099632
0.0,9,100,467.58722972869873,400.25776195526123,45,39,0.8560066154661581
0.0,9,105,468.633282661438,401.20799922943115,45,39,0.8561235705473381
0.0,9,110,469.17644596099854,401.7087926864624,45,39,0.8561998287523892
0.0,9,115,470.1869077682495,402.5769262313843,45,39,0.85620615882782
0.0,9,120,470.4650630950928,402.84761142730713,45,39,0.8562752965694302
0.0,9,125,470.69139766693115,403.0621757507324,45,39,0.8563194010950352
0.0,9,130,471.4732551574707,403.76752185821533,45,39,0.8563953892217222
0.0,9,135,471.5991678237915,403.85797595977783,45,39,0.856358542410903
0.0,9,140,471.78803157806396,404.05510902404785,45,39,0.8564335718151646
0.0,9,145,471.9493656158447,404.2021713256836,45,39,0.856452409461852
0.0,9,150,472.23632049560547,404.4487419128418,45,39,0.8564541191757076
0.0,9,155,472.5508518218994,404.72563648223877,45,39,0.8564700178231309
0.0,9,160,472.9290494918823,405.06292819976807,45,39,0.8564983027263162
0.0,9,165,473.04744720458984,405.1685028076172,45,39,0.8565071119227151
0.0,9,170,473.170428276062,405.2575492858887,45,39,0.8564726894755312
0.0,9,175,473.16286277770996,405.25792598724365,45,39,0.8564871799282171
0.0,9,180,473.57671546936035,405.5885524749756,45,39,0.8564368543183066
0.0,9,185,473.68388271331787,405.6801700592041,45,39,0.8564365072660246
0.0,9,190,473.72788524627686,405.7225351333618,45,39,0.8564463857187508
0.0,9,195,473.8247137069702,405.80322647094727,45,39,0.8564416644630937
0.0,9,200,473.73208713531494,405.7372188568115,45,39,0.8564697850853356
0.0,9,205,474.04857063293457,406.01044273376465,45,39,0.8564743528108766
0.0,9,210,473.9211006164551,405.90767669677734,45,39,0.8564878756586068
0.0,9,215,472.7860527038574,404.9252710342407,45,39,0.8564661937857037
0.0,9,220,470.4279489517212,402.71381092071533,45,39,0.856058428964738
0.0,9,225,469.26257610321045,401.7945489883423,45,39,0.8562254256984899
0.0,9,230,469.4856986999512,401.9805631637573,45,39,0.8562147138387333
0.0,9,235,469.1593933105469,401.69560527801514,45,39,0.8562028406668246
0.0,9,240,468.83680534362793,401.3927974700928,45,39,0.8561460894178224
0.0,9,245,467.6468915939331,400.40682220458984,45,39,0.8562161524047294
0.0,9,250,467.19834995269775,399.9401693344116,45,39,0.8560393446914
0.2,0,5,347.6603446006775,261.8692307472229,45,34,0.7532329608888958
0.2,0,10,455.6138677597046,342.7766590118408,45,34,0.7523402672032449
0.2,0,15,515.9838151931763,388.204158782959,45,34,0.7523572394177144
0.2,0,20,578.2245540618896,434.54138469696045,45,34,0.7515097407130328
0.2,0,25,612.0756816864014,459.6274642944336,45,34,0.7509324059862326
0.2,0,30,626.1660594940186,470.17665576934814,45,34,0.7508817327935015
0.2,0,35,641.058856010437,481.0840425491333,45,34,0.7504522214124127
0.2,0,40,677.3269300460815,507.9408893585205,45,34,0.7499198198482412
0.2,0,45,703.7853260040283,527.538408279419,45,34,0.7495729006950035
0.2,0,50,716.3592872619629,536.9072256088257,45,34,0.749494332182065
0.2,0,55,743.8024139404297,557.3042097091675,45,34,0.7492637819723459
0.2,0,60,769.8913726806641,576.7992420196533,45,34,0.7491956170534952
0.2,0,65,789.4332847595215,591.4400510787964,45,34,0.7491957363553035
0.2,0,70,809.4214296340942,606.2171239852905,45,34,0.7489511665873924
0.2,0,75,824.7607555389404,618.2399139404297,45,34,0.7495990925713235
0.2,0,80,842.8955974578857,631.9389057159424,45,34,0.7497238182543903
0.2,0,85,855.2576961517334,641.2476043701172,45,34,0.7497712177925273
0.2,0,90,879.0755634307861,659.3805160522461,45,34,0.7500840012875202
0.2,0,95,897.631778717041,672.7522430419922,45,34,0.7494746275622468
0.2,0,100,920.088508605957,689.7633972167969,45,34,0.7496707009870923
0.2,0,105,930.5016613006592,697.7134418487549,45,34,0.7498250361783205
0.2,0,110,958.6624488830566,719.3629932403564,45,34,0.7503819452597625
0.2,0,115,980.2284088134766,735.4635753631592,45,34,0.7502981639283489
0.2,0,120,998.6003894805908,749.2276020050049,45,34,0.750277698564393
0.2,0,125,1015.5051555633545,762.0737552642822,45,34,0.7504380958474984
0.2,0,130,1026.6155014038086,770.8979225158691,45,34,0.750912022526186
0.2,0,135,1040.7232570648193,781.5975017547607,45,34,0.7510137747465365
0.2,0,140,1056.1732177734375,793.0719337463379,45,34,0.7508919184849668
0.2,0,145,1069.2856216430664,802.7836112976074,45,34,0.7507663013966726
0.2,0,150,1085.7750263214111,815.1993980407715,45,34,0.7507995471240978
0.2,0,155,1105.1419143676758,829.8072109222412,45,34,0.7508603195065927
0.2,0,160,1126.4084587097168,846.1705322265625,45,34,0.7512110954811515
0.2,0,165,1143.0934886932373,857.9639339447021,45,34,0.750563223770533
0.2,0,170,1173.159345626831,880.8222694396973,45,34,0.7508121319777444
0.2,0,175,1217.491289138794,913.9176750183105,45,34,0.7506564385070712
0.2,0,180,1246.9225311279297,936.2420387268066,45,34,0.7508421857450188
0.2,0,185,1271.0769290924072,954.3574161529541,45,34,0.7508258503554128
0.2,0,190,1294.630054473877,971.862003326416,45,34,0.7506870398751627
0.2,0,195,1317.5156345367432,988.8450965881348,45,34,0.750537656379179
0.2,0,200,1337.3856601715088,1003.7320575714111,45,34,0.7505180348970468
0.2,0,205,1346.6436958312988,1010.5684680938721,45,34,0.7504349303547853
0.2,0,210,1340.7532367706299,1006.3111400604248,45,34,0.7505565621338711
0.2,0,215,1357.0256118774414,1018.6414375305176,45,34,0.7506427503024273
0.2,0,220,1376.8881015777588,1033.76096534729,45,34,0.7507951910999272
0.2,0,225,1396.482286453247,1047.6707210540771,45,34,0.7502212747108493
0.2,0,230,1419.517770767212,1064.833652496338,45,34,0.7501375991375033
0.2,0,235,1434.6033477783203,1076.1086597442627,45,34,0.7501088446578377
0.2,0,240,1461.9349060058594,1096.259479522705,45,34,0.749868872423182
0.2,0,245,1490.125726699829,1117.4332466125488,45,34,0.7498919229368113
0.2,0,250,1510.3060111999512,1132.3038520812988,45,34,0.749718165513804
0.2,1,5,281.016236782074,209.84237957000732,45,34,0.7467268865775104
0.2,1,10,406.87844944000244,297.0152921676636,45,34,0.7299853127548358
0.2,1,15,429.0829634666443,314.47208738327026,45,34,0.7328934359047693
0.2,1,20,473.2639102935791,349.0724353790283,45,34,0.7375851565831165
0.2,1,25,503.2228660583496,372.7517261505127,45,34,0.7407289121621328
0.2,1,30,544.5359697341919,404.79879093170166,45,34,0.7433830149536277
0.2,1,35,570.8966388702393,425.61172580718994,45,34,0.7455145061800367
0.2,1,40,598.8213520050049,446.98003673553467,45,34,0.7464330308846403
0.2,1,45,630.2731876373291,470.94364833831787,45,34,0.747205588902993
0.2,1,50,657.1216535568237,491.50524616241455,45,34,0.7479669000435876
0.2,1,55,673.4151725769043,504.0379056930542,45,34,0.7484801742204465
0.2,1,60,684.9584312438965,512.7186298370361,45,34,0.748539774750899
0.2,1,65,688.3722448348999,515.4311943054199,45,34,0.7487681238935495
0.2,1,70,690.4621000289917,516.4314260482788,45,34,0.7479504320752633
0.2,1,75,690.0552024841309,516.2302474975586,45,34,0.7480999282944027
0.2,1,80,692.3423109054565,518.0726261138916,45,34,0.7482897086505474
0.2,1,85,693.664306640625,519.1017894744873,45,34,0.748347268995958
0.2,1,90,696.3433637619019,521.6190433502197,45,34,0.7490830967817972
0.2,1,95,699.2859449386597,523.6936140060425,45,34,0.7488976688241308
0.2,1,100,699.1693773269653,523.4444618225098,45,34,0.7486661727430335
0.2,1,105,699.9976902008057,524.1883344650269,45,34,0.7488429487740941
0.2,1,110,706.0038824081421,528.6311502456665,45,34,0.7487652170446042
0.2,1,115,708.6427621841431,530.7009611129761,45,34,0.7488977372424936
0.2,1,120,707.7618246078491,530.0412578582764,45,34,0.74889777807945
0.2,1,125,709.0729293823242,531.0340585708618,45,34,0.7489131746059556
0.2,1,130,706.229100227356,528.9328384399414,45,34,0.7489536161419312
0.2,1,135,705.9219636917114,528.2318620681763,45,34,0.7482864809953181
0.2,1,140,702.933500289917,526.3129262924194,45,34,0.7487378622235913
0.2,1,145,695.9741077423096,521.2481155395508,45,34,0.7489475682226768
0.2,1,150,700.5464687347412,524.5196733474731,45,34,0.7487293088420083
0.2,1,155,699.5869836807251,524.0515632629395,45,34,0.7490870692101147
0.2,1,160,701.5763416290283,525.3168783187866,45,34,0.7487665235390122
0.2,1,165,702.7591733932495,526.2601089477539,45,34,0.7488484375191057
0.2,1,170,700.8052272796631,524.7793121337891,45,34,0.7488233416449248
0.2,1,175,699.8586502075195,524.141185760498,45,34,0.7489243515173826
0.2,1,180,693.5061626434326,519.2177972793579,45,34,0.7486851959617176
0.2,1,185,697.7671222686768,522.1585884094238,45,34,0.7483278757986032
0.2,1,190,702.4285364151001,525.8049774169922,45,34,0.7485529846217225
0.2,1,195,703.0780611038208,526.5769128799438,45,34,0.7489593858941156
0.2,1,200,700.8863840103149,524.9035892486572,45,34,0.7489139484280971
0.2,1,205,702.810230255127,526.2859477996826,45,34,0.7488308011803342
0.2,1,210,699.7038478851318,523.7440357208252,45,34,0.7485224460374925
0.2,1,215,700.752875328064,524.4880533218384,45,34,0.7484636478677218
0.2,1,220,700.1705751419067,524.1381130218506,45,34,0.7485863182919682
0.2,1,225,700.8022537231445,524.7417631149292,45,34,0.7487729389098545
0.2,1,230,703.2094612121582,526.5698022842407,45,34,0.7488093254271133
0.2,1,235,703.6328077316284,526.8277921676636,45,34,0.7487254522228012
0.2,1,240,703.0013389587402,526.504490852356,45,34,0.7489381053415834
0.2,1,245,701.6852836608887,525.3571357727051,45,34,0.7487076443042513
0.2,1,250,700.9644451141357,524.7298822402954,45,34,0.7485827361113224
0.2,2,5,311.81126070022583,247.19466972351074,45,36,0.7927701814501239
0.2,2,10,383.7890019416809,297.08489894866943,45,36,0.7740839300908693
0.2,2,15,412.1963315010071,314.49428844451904,45,36,0.7629720703706697
0.2,2,20,444.64507389068604,334.3410062789917,45,36,0.7519278316826403
0.2,2,25,468.684298992157,349.4739890098572,45,36,0.7456490216577631
0.2,2,30,490.6084198951721,365.6726870536804,45,36,0.7453453145622992
0.2,2,35,505.8554344177246,378.09234619140625,45,36,0.7474316187323687
0.2,2,40,523.3583836555481,392.1931777000427,45,36,0.7493778449877027
0.2,2,45,539.1502523422241,405.0617485046387,45,36,0.7512965944927836
0.2,2,50,552.9790544509888,416.4698476791382,45,36,0.7531385580103372
0.2,2,55,567.739426612854,428.22060108184814,45,36,0.7542555281683024
0.2,2,60,581.6108512878418,439.2987480163574,45,36,0.7553138787621171
0.2,2,65,593.2701263427734,448.7904567718506,45,36,0.7564689958997739
0.2,2,70,604.350625038147,457.5431365966797,45,36,0.7570822592725845
0.2,2,75,613.9413471221924,465.01073455810547,45,36,0.7574188263061453
0.2,2,80,624.2260322570801,473.17457580566406,45,36,0.7580180116724
0.2,2,85,633.5575923919678,480.446231842041,45,36,0.7583307936191521
0.2,2,90,642.2867679595947,487.424467086792,45,36,0.7588891619785858
0.2,2,95,647.9508543014526,492.1288709640503,45,36,0.7595157374930962
0.2,2,100,655.4761238098145,498.10913276672363,45,36,0.7599195678884081
0.2,2,105,659.7040414810181,501.59289741516113,45,36,0.7603301872898908
0.2,2,110,663.1262788772583,504.31970596313477,45,36,0.7605183537847416
0.2,2,115,667.6152791976929,508.1746292114258,45,36,0.76117884812661
0.2,2,120,668.8786725997925,509.1678218841553,45,36,0.761225978255705
0.2,2,125,672.1933517456055,511.61705207824707,45,36,0.7611159062338808
0.2,2,130,673.2822046279907,512.4865846633911,45,36,0.7611764890571481
0.2,2,135,674.2754430770874,513.3124895095825,45,36,0.7612801189482095
0.2,2,140,667.0525732040405,507.97509765625,45,36,0.7615218321043309
0.2,2,145,657.2093315124512,500.57413959503174,45,36,0.7616662083039022
0.2,2,150,653.8619508743286,498.46059131622314,45,36,0.7623330745116652
0.2,2,155,648.3155450820923,493.89477920532227,45,36,0.7618123349838581
0.2,2,160,639.754035949707,487.1360855102539,45,36,0.7614427704033248
0.2,2,165,641.3272972106934,488.04724311828613,45,36,0.7609955871844772
0.2,2,170,640.608832359314,487.41732692718506,45,36,0.7608657612978315
0.2,2,175,645.0563316345215,490.9616279602051,45,36,0.7611143459613001
0.2,2,180,646.583667755127,492.1771125793457,45,36,0.7611963263596404
0.2,2,185,649.9703340530396,495.23406410217285,45,36,0.7619333347324118
0.2,2,190,654.2450542449951,498.3829822540283,45,36,0.7617680546766473
0.2,2,195,654.8429222106934,499.16478633880615,45,36,0.7622664449875521
0.2,2,200,658.5619096755981,502.19176959991455,45,36,0.7625581774799108
0.2,2,205,662.3662023544312,505.16071224212646,45,36,0.7626607614435843
0.2,2,210,661.6293087005615,504.5513505935669,45,36,0.7625891778955558
0.2,2,215,663.3808507919312,505.8702564239502,45,36,0.7625638512478184
0.2,2,220,661.6754360198975,504.61658477783203,45,36,0.7626346049857845
0.2,2,225,662.3519887924194,505.27524280548096,45,36,0.7628500425078862
0.2,2,230,663.4022836685181,506.11110401153564,45,36,0.7629022637860305
0.2,2,235,664.8044233322144,507.1599168777466,45,36,0.7628708520555513
0.2,2,240,665.7238836288452,507.8562250137329,45,36,0.7628631591905939
0.2,2,245,666.7210597991943,508.63006591796875,45,36,0.7628828554945589
0.2,2,250,666.424391746521,508.5311441421509,45,36,0.7630740267615735
0.2,3,5,348.54778957366943,266.4421248435974,45,35,0.7644349865752947
0.2,3,10,458.4168314933777,339.8788733482361,45,35,0.7414188354319735
0.2,3,15,492.73957777023315,360.6137328147888,45,35,0.7318546126265181
0.2,3,20,523.0615587234497,381.4427881240845,45,35,0.7292502799383851
0.2,3,25,543.1798086166382,397.4083652496338,45,35,0.731633169984257
0.2,3,30,559.6075267791748,411.21502685546875,45,35,0.7348275481965353
0.2,3,35,575.4503955841064,424.4409465789795,45,35,0.7375804236751862
0.2,3,40,594.1579122543335,439.5094404220581,45,35,0.7397182320681143
0.2,3,45,608.2463150024414,450.76207733154297,45,35,0.7410847648616382
0.2,3,50,622.1723346710205,461.87640476226807,45,35,0.7423608846357478
0.2,3,55,632.7058048248291,470.35210037231445,45,35,0.7433977952873932
0.2,3,60,639.7982025146484,475.95775604248047,45,35,0.7439185577136448
0.2,3,65,652.4739027023315,485.77772521972656,45,35,0.7445167127877372
0.2,3,70,656.997727394104,489.7528762817383,45,35,0.745440746384738
0.2,3,75,664.9711084365845,495.94522762298584,45,35,0.745814699813054
0.2,3,80,671.4415616989136,501.1989917755127,45,35,0.7464521417282455
0.2,3,85,676.3776397705078,505.21418476104736,45,35,0.7469409913261824
0.2,3,90,679.4368934631348,507.76989936828613,45,35,0.7473393103223297
0.2,3,95,682.8156404495239,510.4711723327637,45,35,0.7475973631721441
0.2,3,100,685.7337732315063,512.8089628219604,45,35,0.7478251514510623
0.2,3,105,688.3093452453613,515.1423025131226,45,35,0.7484168362257079
0.2,3,110,690.8859424591064,517.2530221939087,45,35,0.748680774069338
0.2,3,115,691.284273147583,517.5960960388184,45,35,0.7487456552165992
0.2,3,120,691.739294052124,518.2133483886719,45,35,0.7491454552957962
0.2,3,125,691.6734857559204,518.0689516067505,45,35,0.7490079673078104
0.2,3,130,688.395809173584,515.6259183883667,45,35,0.7490253594184028
0.2,3,135,686.7109670639038,513.9244747161865,45,35,0.7483854188517147
0.2,3,140,685.2554311752319,513.2376461029053,45,35,0.7489727519892659
0.2,3,145,681.7442665100098,510.4517602920532,45,35,0.7487437524119723
0.2,3,150,674.6003580093384,504.7291555404663,45,35,0.7481898720449222
0.2,3,155,663.2615518569946,496.25178050994873,45,35,0.7481992271684467
0.2,3,160,643.5007743835449,480.49310207366943,45,35,0.7466861287524745
0.2,3,165,635.2553462982178,473.69670391082764,45,35,0.7456792086381782
0.2,3,170,629.0048179626465,468.7716588973999,45,35,0.7452592500257084
0.2,3,175,626.4284992218018,467.09024143218994,45,35,0.745640152088299
0.2,3,180,627.1185369491577,467.5692834854126,45,35,0.7455835793980349
0.2,3,185,632.9447555541992,472.3301019668579,45,35,0.7462422238624764
0.2,3,190,637.6453590393066,476.01815700531006,45,35,0.7465249299743839
0.2,3,195,642.6108360290527,479.9855785369873,45,35,0.7469304151529841
0.2,3,200,645.8045434951782,482.60743045806885,45,35,0.7472964309698626
0.2,3,205,647.2920207977295,483.8133125305176,45,35,0.7474421080214463
0.2,3,210,650.0323877334595,486.0854215621948,45,35,0.7477864653130322
0.2,3,215,653.168776512146,488.5541477203369,45,35,0.7479753553578679
0.2,3,220,653.9499063491821,489.2332191467285,45,35,0.7481203290906162
0.2,3,225,654.9860420227051,490.034291267395,45,35,0.7481598993378354
0.2,3,230,656.426513671875,491.14880752563477,45,35,0.7482159804580081
0.2,3,235,656.3099088668823,491.1706304550171,45,35,0.7483821649181275
0.2,3,240,656.8433351516724,491.59767723083496,45,35,0.7484245495424245
0.2,3,245,656.9460458755493,491.661602973938,45,35,0.7484048439909123
0.2,3,250,658.1610260009766,492.50666522979736,45,35,0.748307246666207
0.2,4,5,284.43881034851074,233.58280038833618,45,37,0.8212057985411214
0.2,4,10,350.7964897155762,286.28775358200073,45,37,0.8161078060220055
0.2,4,15,365.89509630203247,296.94499015808105,45,37,0.811557720120314
0.2,4,20,372.829966545105,302.2148871421814,45,37,0.810597093207685
0.2,4,25,379.3168158531189,306.90224170684814,45,37,0.8090921068621636
0.2,4,30,386.7967348098755,312.39620304107666,45,37,0.8076495350836655
0.2,4,35,396.5507402420044,319.7985134124756,45,37,0.8064504260345352
0.2,4,40,409.83391761779785,330.15029525756836,45,37,0.8055709424359028
0.2,4,45,425.7111873626709,342.6590280532837,45,37,0.8049096153100754
0.2,4,50,439.8932514190674,353.9328155517578,45,37,0.8045879640344389
0.2,4,55,454.1338520050049,365.32637310028076,45,37,0.804446467682074
0.2,4,60,466.70875549316406,375.3414430618286,45,37,0.8042305584458346
0.2,4,65,477.4400577545166,383.9937505722046,45,37,0.8042763574933217
0.2,4,70,489.4037046432495,393.7994079589844,45,37,0.8046514650845223
0.2,4,75,499.9374523162842,402.5679759979248,45,37,0.8052366833746242
0.2,4,80,508.2708902359009,409.40987491607666,45,37,0.8054954214003064
0.2,4,85,517.6705503463745,416.94267559051514,45,37,0.8054208903935853
0.2,4,90,526.0524749755859,423.7297821044922,45,37,0.8054895704542719
0.2,4,95,534.5093908309937,430.6490116119385,45,37,0.8056902628827796
0.2,4,100,541.2316741943359,436.12556076049805,45,37,0.8058019911892683
0.2,4,105,543.3287391662598,437.8432970046997,45,37,0.8058533728154547
0.2,4,110,546.7557744979858,440.6010494232178,45,37,0.8058461747893987
0.2,4,115,549.9778451919556,443.32738304138184,45,37,0.8060822575255718
0.2,4,120,552.4805240631104,445.33545875549316,45,37,0.8060654436836243
0.2,4,125,553.2883100509644,445.9966869354248,45,37,0.8060836978362013
0.2,4,130,555.8397855758667,448.1907653808594,45,37,0.80633084750585
0.2,4,135,557.1827764511108,449.2875003814697,45,37,0.8063556868055682
0.2,4,140,558.169412612915,450.0630807876587,45,37,0.80631985669156
0.2,4,145,557.7879495620728,449.81618785858154,45,37,0.8064286584386374
0.2,4,150,558.1536207199097,450.0908031463623,45,37,0.806392337947807
0.2,4,155,555.028148651123,447.40850162506104,45,37,0.8061005603272386
0.2,4,160,555.8259792327881,448.1659278869629,45,37,0.806306190483521
0.2,4,165,548.0750875473022,441.8906135559082,45,37,0.806259258258604
0.2,4,170,544.575927734375,438.97126388549805,45,37,0.8060790819597372
0.2,4,175,547.2413158416748,441.11419010162354,45,37,0.806068871870858
0.2,4,180,548.7517347335815,442.2286186218262,45,37,0.8058810398777635
0.2,4,185,550.6325607299805,443.88090991973877,45,37,0.8061290624210081
0.2,4,190,551.585373878479,444.7245283126831,45,37,0.8062659914014698
0.2,4,195,553.4964218139648,446.1288948059082,45,37,0.8060194740623912
0.2,4,200,555.2878255844116,447.63059520721436,45,37,0.8061235535573026
0.2,4,205,555.7286157608032,448.0320234298706,45,37,0.8062065021008595
0.2,4,210,557.1024160385132,449.116907119751,45,37,0.806165786020756
0.2,4,215,558.1051082611084,449.90676403045654,45,37,0.8061326753167214
0.2,4,220,559.236665725708,450.7868900299072,45,37,0.8060753481621794
0.2,4,225,559.9889097213745,451.4704284667969,45,37,0.8062131599917355
0.2,4,230,559.5346431732178,451.0907554626465,45,37,0.8061891447943812
0.2,4,235,560.3607482910156,451.77971363067627,45,37,0.806230120522378
0.2,4,240,559.4348983764648,450.94035625457764,45,37,0.8060640434896895
0.2,4,245,555.816330909729,448.03767013549805,45,37,0.8060894313813599
0.2,4,250,554.7602682113647,447.1525115966797,45,37,0.8060283643570395
0.2,5,5,1117.3486042022705,908.5912036895752,45,37,0.8131671711697013
0.2,5,10,1170.892177581787,948.4150371551514,45,37,0.8099934864317629
0.2,5,15,1224.9035091400146,990.304271697998,45,37,0.8084753323902829
0.2,5,20,1292.7922382354736,1044.4740161895752,45,37,0.8079210141415858
0.2,5,25,1350.6447868347168,1092.249210357666,45,37,0.8086872440513315
0.2,5,30,1402.750207901001,1135.1892986297607,45,37,0.8092597614570276
0.2,5,35,1441.1396522521973,1166.7967624664307,45,37,0.8096347641555576
0.2,5,40,1474.7368640899658,1194.7563076019287,45,37,0.8101488046406103
0.2,5,45,1503.6793670654297,1218.7099876403809,45,37,0.8104852765379139
0.2,5,50,1530.9669704437256,1241.1743412017822,45,37,0.810712683659039
0.2,5,55,1549.688482284546,1256.6912441253662,45,37,0.8109315249428422
0.2,5,60,1566.3629684448242,1270.516056060791,45,37,0.8111249318682707
0.2,5,65,1575.2522144317627,1278.0716743469238,45,37,0.8113441534236847
0.2,5,70,1580.9451656341553,1282.4544048309326,45,37,0.8111947414169223
0.2,5,75,1578.1027355194092,1280.441411972046,45,37,0.8113802626104737
0.2,5,80,1579.869514465332,1281.6892585754395,45,37,0.8112627320422693
0.2,5,85,1578.6335639953613,1279.8407859802246,45,37,0.8107269572687132
0.2,5,90,1570.0432052612305,1273.173490524292,45,37,0.81091621317036
0.2,5,95,1568.8861637115479,1271.9896049499512,45,37,0.8107596550796121
0.2,5,100,1576.9997692108154,1278.7779808044434,45,37,0.8108929409954111
0.2,5,105,1578.841588973999,1280.2953968048096,45,37,0.8109080770014434
0.2,5,110,1581.7692546844482,1283.0228424072266,45,37,0.811131483689876
0.2,5,115,1590.422197341919,1289.836898803711,45,37,0.8110028273998071
0.2,5,120,1584.9443225860596,1285.5141410827637,45,37,0.8110784226068369
0.2,5,125,1590.6847496032715,1290.4501304626465,45,37,0.8112544806785214
0.2,5,130,1591.1124515533447,1290.8334827423096,45,37,0.8112773433971404
0.2,5,135,1585.1313133239746,1285.7363166809082,45,37,0.8111229056378652
0.2,5,140,1592.804027557373,1291.8494682312012,45,37,0.811053617319327
0.2,5,145,1586.9024181365967,1287.2247524261475,45,37,0.8111555806548312
0.2,5,150,1589.2629985809326,1289.2506103515625,45,37,0.8112254620555222
0.2,5,155,1587.9857063293457,1288.1916027069092,45,37,0.811211081795304
0.2,5,160,1587.8342819213867,1288.1235847473145,45,37,0.8112456063038248
0.2,5,165,1588.0971431732178,1288.2829151153564,45,37,0.811211657078612
0.2,5,170,1587.2661972045898,1287.549482345581,45,37,0.8111742596252255
0.2,5,175,1587.6345462799072,1287.906452178955,45,37,0.8112109019022886
0.2,5,180,1582.1475086212158,1283.4072399139404,45,37,0.8111805207293109
0.2,5,185,1580.043285369873,1281.5491523742676,45,37,0.8110848381437021
0.2,5,190,1583.414794921875,1284.523229598999,45,37,0.8112360915905021
0.2,5,195,1582.8828754425049,1283.946376800537,45,37,0.811144271455714
0.2,5,200,1572.8876686096191,1275.5263423919678,45,37,0.8109456052379699
0.2,5,205,1573.1288089752197,1275.5558757781982,45,37,0.8108400713919481
0.2,5,210,1555.9577465057373,1261.3001823425293,45,37,0.8106262430166048
0.2,5,215,1570.6433792114258,1273.2890911102295,45,37,0.8106799468059452
0.2,5,220,1537.368242263794,1246.215591430664,45,37,0.8106161927708324
0.2,5,225,1549.6096286773682,1255.641845703125,45,37,0.8102955882991298
0.2,5,230,1538.484769821167,1246.8469467163086,45,37,0.8104382774365982
0.2,5,235,1551.6001377105713,1256.5717239379883,45,37,0.809855383096378
0.2,5,240,1552.414436340332,1257.0191249847412,45,37,0.80971878098998
0.2,5,245,1545.2846279144287,1251.2418251037598,45,37,0.8097160888686763
0.2,5,250,1530.9495391845703,1239.9306678771973,45,37,0.8099095601397945
0.2,6,5,417.7709331512451,284.96474266052246,45,31,0.6821076337480767
0.2,6,10,482.73634815216064,328.91779613494873,45,31,0.681361155823451
0.2,6,15,501.0818462371826,341.06671142578125,45,31,0.6806606824553362
0.2,6,20,524.2531538009644,356.48906230926514,45,31,0.6799941206354813
0.2,6,25,547.0958099365234,371.76826190948486,45,31,0.6795304499820944
0.2,6,30,569.1415224075317,386.5806760787964,45,31,0.6792347085194498
0.2,6,35,586.7811632156372,398.3216142654419,45,31,0.6788248144889091
0.2,6,40,601.2094602584839,407.8783779144287,45,31,0.678429740175853
0.2,6,45,614.668249130249,416.77563858032227,45,31,0.6780497271008483
0.2,6,50,627.5327033996582,425.4222421646118,45,31,0.6779284009580477
0.2,6,55,634.6110181808472,430.17514991760254,45,31,0.6778564153372664
0.2,6,60,642.5620012283325,435.51037216186523,45,31,0.6777717501647086
0.2,6,65,647.0207195281982,438.44418716430664,45,31,0.6776354665798269
0.2,6,70,651.4891166687012,441.5681447982788,45,31,0.6777828416477244
0.2,6,75,656.9097051620483,445.17655849456787,45,31,0.6776830285750608
0.2,6,80,658.777135848999,446.4653081893921,45,31,0.6777182811817068
0.2,6,85,660.9069557189941,447.90990924835205,45,31,0.6777200714449655
0.2,6,90,661.1675662994385,448.0083017349243,45,31,0.6776017526728219
0.2,6,95,663.7894840240479,449.975661277771,45,31,0.6778891080797365
0.2,6,100,661.1283159255981,448.1727514266968,45,31,0.6778907220139886
0.2,6,105,652.420168876648,442.1779260635376,45,31,0.677750240040692
0.2,6,110,652.1751365661621,442.45116901397705,45,31,0.6784238530520711
0.2,6,115,649.922721862793,440.92810821533203,45,31,0.6784315940694514
0.2,6,120,651.2440462112427,442.0398530960083,45,31,0.6787622177395294
0.2,6,125,653.5460834503174,443.3732080459595,45,31,0.6784115447608892
0.2,6,130,654.5711164474487,444.0175094604492,45,31,0.6783334893697465
0.2,6,135,655.580039024353,444.6761884689331,45,31,0.6782942768219548
0.2,6,140,657.8907642364502,446.3133535385132,45,31,0.678400393804745
0.2,6,145,651.1236696243286,441.8002166748047,45,31,0.6785196688206779
0.2,6,150,654.7069816589355,444.01185607910156,45,31,0.6781840861907982
0.2,6,155,651.1833477020264,441.65156841278076,45,31,0.6782292114368909
0.2,6,160,651.6552114486694,442.14570236206055,45,31,0.6784963805923425
0.2,6,165,647.2493362426758,439.14768409729004,45,31,0.6784830196143112
0.2,6,170,649.4744644165039,440.56085777282715,45,31,0.6783343794257284
0.2,6,175,645.681586265564,438.31315422058105,45,31,0.6788379342760217
0.2,6,180,634.3279695510864,430.29443073272705,45,31,0.6783469299599787
0.2,6,185,638.9921674728394,433.21945667266846,45,31,0.6779730311656472
0.2,6,190,631.2157068252563,427.3465061187744,45,31,0.6770213438891484
0.2,6,195,652.7812919616699,442.327109336853,45,31,0.6776038388104189
0.2,6,200,640.9572715759277,434.7437982559204,45,31,0.6782726673605106
0.2,6,205,647.951663017273,439.2485628128052,45,31,0.677903287981985
0.2,6,210,651.0494432449341,441.54720973968506,45,31,0.6782084130798772
0.2,6,215,649.3792448043823,440.44902324676514,45,31,0.6782616271935892
0.2,6,220,652.8003664016724,442.97767162323,45,31,0.6785806111981595
0.2,6,225,657.9211177825928,446.05468559265137,45,31,0.6779759359237463
0.2,6,230,660.8230276107788,448.1031713485718,45,31,0.678098602236515
0.2,6,235,661.7789096832275,448.7141065597534,45,31,0.6780423189589675
0.2,6,240,662.0807256698608,448.9471254348755,45,31,0.6780851760646741
0.2,6,245,663.9416360855103,450.19047927856445,45,31,0.6780573092731647
0.2,6,250,662.9215784072876,449.4897994995117,45,31,0.6780436994967635
0.2,7,5,351.3000855445862,253.73325967788696,45,33,0.722269279509421
0.2,7,10,433.709379196167,311.90553760528564,45,33,0.7191579259442528
0.2,7,15,508.6934452056885,365.25312900543213,45,33,0.718022086676864
0.2,7,20,545.6789798736572,391.5775337219238,45,33,0.717596880518627
0.2,7,25,567.0235166549683,406.92433738708496,45,33,0.7176498424397735
0.2,7,30,590.2300710678101,423.4620609283447,45,33,0.7174525353515807
0.2,7,35,605.1762113571167,434.45168018341064,45,33,0.7178928583612788
0.2,7,40,622.1635503768921,446.7931070327759,45,33,0.7181280657828932
0.2,7,45,637.9369678497314,458.35531425476074,45,33,0.7184962423477665
0.2,7,50,649.0608568191528,466.86604022979736,45,33,0.7192947091552604
0.2,7,55,659.3335151672363,474.5016231536865,45,33,0.7196685929628969
0.2,7,60,667.1836376190186,480.43121814727783,45,33,0.7200884300187491
0.2,7,65,676.7461194992065,487.7224235534668,45,33,0.7206874328505668
0.2,7,70,681.9498949050903,491.76286602020264,45,33,0.7211128994874946
0.2,7,75,687.0612096786499,495.6216735839844,45,33,0.7213646566014027
0.2,7,80,692.3183107376099,499.6451005935669,45,33,0.7216985205276951
0.2,7,85,695.4540348052979,502.13700771331787,45,33,0.7220276000755355
0.2,7,90,701.0867938995361,506.33918952941895,45,33,0.7222204068530426
0.2,7,95,703.740330696106,508.4027462005615,45,33,0.7224294587432176
0.2,7,100,707.2522687911987,511.08335304260254,45,33,0.7226323273817427
0.2,7,105,710.4454250335693,513.5069179534912,45,33,0.7227957276651147
0.2,7,110,713.1156816482544,515.55251121521,45,33,0.7229577535352902
0.2,7,115,716.260573387146,517.85178565979,45,33,0.722993565331824
0.2,7,120,717.382266998291,518.8149509429932,45,33,0.7232057088807694
0.2,7,125,719.5267429351807,520.4336881637573,45,33,0.7232999930492374
0.2,7,130,722.4441051483154,522.6589298248291,45,33,0.7234593321479565
0.2,7,135,723.5359630584717,523.4948539733887,45,33,0.7235229217363482
0.2,7,140,725.3839693069458,524.907506942749,45,33,0.72362711219585
0.2,7,145,726.9566030502319,526.1181240081787,45,33,0.723727003511135
0.2,7,150,728.1214761734009,527.0800447463989,45,33,0.7238902600654441
0.2,7,155,729.0313968658447,527.7639541625977,45,33,0.7239248630875019
0.2,7,160,730.1760702133179,528.5321083068848,45,33,0.7238420017688002
0.2,7,165,731.8282403945923,529.8281259536743,45,33,0.7239787927123407
0.2,7,170,732.0890369415283,530.0778093338013,45,33,0.7240619413566463
0.2,7,175,733.6849346160889,531.2891597747803,45,33,0.7241380253402425
0.2,7,180,735.0743894577026,532.2097654342651,45,33,0.7240216406218416
0.2,7,185,731.5918598175049,529.8746433258057,45,33,0.724276297248553
0.2,7,190,729.8154220581055,528.2849969863892,45,33,0.7238611038070502
0.2,7,195,725.7125568389893,525.4011764526367,45,33,0.7239797237919428
0.2,7,200,723.7152366638184,523.6817207336426,45,33,0.7236019005869065
0.2,7,205,716.3331136703491,518.0034170150757,45,33,0.7231320277251012
0.2,7,210,711.4928531646729,514.3598966598511,45,33,0.7229305176742279
0.2,7,215,710.2006616592407,513.4625406265259,45,33,0.7229823461821668
0.2,7,220,709.3991174697876,512.8270578384399,45,33,0.7229034336376657
0.2,7,225,710.2190504074097,513.3325109481812,45,33,0.7227805430644427
0.2,7,230,705.2408971786499,509.41748237609863,45,33,0.7223311699790058
0.2,7,235,705.4429969787598,509.7416658401489,45,33,0.7225837778860197
0.2,7,240,703.2909364700317,508.1512460708618,45,33,0.7225334775695835
0.2,7,245,703.0177135467529,507.48085498809814,45,33,0.7218606945589406
0.2,7,250,698.4325551986694,504.3357858657837,45,33,0.7220966177934309
0.2,8,5,338.94890689849854,223.63550901412964,45,30,0.6597912088298864
0.2,8,10,440.73223781585693,290.31021785736084,45,30,0.6586997567866936
0.2,8,15,494.28611183166504,325.75574016571045,45,30,0.6590428749020764
0.2,8,20,520.8262586593628,343.0415229797363,45,30,0.6586486707923379
0.2,8,25,555.3039817810059,365.7326850891113,45,30,0.6586170765714839
0.2,8,30,577.0825700759888,380.5958080291748,45,30,0.6595170739242016
0.2,8,35,596.8492183685303,393.93518447875977,45,30,0.6600246299317762
0.2,8,40,615.4517002105713,406.4159173965454,45,30,0.6603538787162229
0.2,8,45,629.2042140960693,415.88819217681885,45,30,0.6609748994995109
0.2,8,50,645.0404996871948,426.62414932250977,45,30,0.6613912607493572
0.2,8,55,660.443395614624,437.23498249053955,45,30,0.6620324851361983
0.2,8,60,665.7618427276611,440.9521551132202,45,30,0.6623271668839047
0.2,8,65,666.9506740570068,441.5281686782837,45,30,0.6620102293210126
0.2,8,70,667.7928247451782,441.94565773010254,45,30,0.6618005485439935
0.2,8,75,672.6482000350952,445.1996965408325,45,30,0.6618611281760713
0.2,8,80,678.7917776107788,449.12822437286377,45,30,0.661658315829504
0.2,8,85,684.9405202865601,453.0440902709961,45,30,0.6614356675546869
0.2,8,90,683.8067646026611,452.4156789779663,45,30,0.6616133422442089
0.2,8,95,690.2926425933838,456.7901735305786,45,30,0.6617340897832077
0.2,8,100,695.6773490905762,460.27295303344727,45,30,0.6616184264661458
0.2,8,105,697.6060495376587,461.56523418426514,45,30,0.6616416736783873
0.2,8,110,700.5291843414307,463.6938886642456,45,30,0.6619194446554925
0.2,8,115,689.7993059158325,456.4188632965088,45,30,0.6616690671941603
0.2,8,120,681.1201496124268,450.649263381958,45,30,0.6616296165050869
0.2,8,125,678.436149597168,448.82489490509033,45,30,0.6615580481252162
0.2,8,130,674.9049348831177,446.0417776107788,45,30,0.6608957122057867
0.2,8,135,679.5094223022461,448.912389755249,45,30,0.6606418910782549
0.2,8,140,686.5999412536621,453.6231927871704,45,30,0.6606805004365419
0.2,8,145,681.9105186462402,450.50801372528076,45,30,0.6606556159591864
0.2,8,150,671.2211856842041,443.74427032470703,45,30,0.6610999172685217
0.2,8,155,681.4739122390747,449.9570503234863,45,30,0.6602703966247085
0.2,8,160,668.1976289749146,441.5133943557739,45,30,0.6607527102918657
0.2,8,165,678.5478677749634,448.3946523666382,45,30,0.6608150635517804
0.2,8,170,686.3980073928833,453.7320213317871,45,30,0.6610334185776233
0.2,8,175,692.2611150741577,457.9073848724365,45,30,0.6614662804271233
0.2,8,180,696.314884185791,460.7944393157959,45,30,0.6617615819811283
0.2,8,185,697.3216524124146,461.5476493835449,45,30,0.661886301374409
0.2,8,190,700.1028442382812,463.5146493911743,45,30,0.6620665138069566
0.2,8,195,702.8531045913696,465.3617248535156,45,30,0.6621038191530372
0.2,8,200,703.4672145843506,465.8218755722046,45,30,0.6621799366263836
0.2,8,205,704.7484512329102,466.7150936126709,45,30,0.6622435179476925
0.2,8,210,706.6826457977295,467.9975748062134,45,30,0.6622457443792464
0.2,8,215,707.0219326019287,468.2519693374634,45,30,0.66228775621463
0.2,8,220,708.2541875839233,469.0834836959839,45,30,0.662309509663718
0.2,8,225,708.6434965133667,469.3932189941406,45,30,0.6623827373053244
0.2,8,230,709.9243469238281,470.2667303085327,45,30,0.6624180905278766
0.2,8,235,710.5102252960205,470.6554841995239,45,30,0.6624190158606565
0.2,8,240,711.3352546691895,471.2770748138428,45,30,0.6625245574718663
0.2,8,245,711.4308414459229,471.3456811904907,45,30,0.6625319760280843
0.2,8,250,712.5468626022339,472.1091089248657,45,30,0.6625656973644009
0.2,9,5,302.3659157752991,261.4011926651001,45,39,0.8645193754555243
0.2,9,10,376.3099117279053,325.4430856704712,45,39,0.8648273019866276
0.2,9,15,414.9874315261841,358.8637762069702,45,39,0.8647581804759463
0.2,9,20,437.8712167739868,378.4768524169922,45,39,0.8643565457565741
0.2,9,25,456.6381130218506,394.543155670166,45,39,0.8640171383401057
0.2,9,30,475.61662101745605,410.8685426712036,45,39,0.8638649797230763
0.2,9,35,492.64665699005127,425.74622917175293,45,39,0.8642020059020714
0.2,9,40,510.3489294052124,441.17912769317627,45,39,0.8644656670630206
0.2,9,45,526.4324340820312,455.1829023361206,45,39,0.8646558852891479
0.2,9,50,540.9057931900024,467.65955352783203,45,39,0.8645859582494021
0.2,9,55,552.0875902175903,477.18522357940674,45,39,0.8643288348345889
0.2,9,60,565.4262380599976,488.5310878753662,45,39,0.8640049841895153
0.2,9,65,576.7617835998535,498.19995307922363,45,39,0.8637880789703372
0.2,9,70,584.4534864425659,504.84687900543213,45,39,0.8637930831387767
0.2,9,75,593.0321216583252,512.3410768508911,45,39,0.8639347821804414
0.2,9,80,599.7896785736084,518.2209720611572,45,39,0.8640044845279183
0.2,9,85,606.187744140625,523.6266736984253,45,39,0.8638028049226811
0.2,9,90,612.8011045455933,529.3962097167969,45,39,0.863895651933193
0.2,9,95,618.1433801651001,534.027379989624,45,39,0.8639215384737916
0.2,9,100,622.6436624526978,537.933352470398,45,39,0.8639505786526236
0.2,9,105,625.909218788147,540.8206520080566,45,39,0.8640560576103428
0.2,9,110,627.5683546066284,542.3640060424805,45,39,0.8642309671309725
0.2,9,115,631.0221815109253,545.402943611145,45,39,0.8643165955041807
0.2,9,120,632.3070659637451,546.5795974731445,45,39,0.8644211442427295
0.2,9,125,634.5707759857178,548.4335670471191,45,39,0.8642590989085539
0.2,9,130,636.4614820480347,550.1149044036865,45,39,0.864333380605376
0.2,9,135,639.0072355270386,552.2342004776001,45,39,0.8642064905918148
0.2,9,140,639.8703327178955,553.0257329940796,45,39,0.8642778149208167
0.2,9,145,641.9610967636108,554.7979097366333,45,39,0.8642235682716541
0.2,9,150,639.9507122039795,553.0526256561279,45,39,0.8642112823836434
0.2,9,155,641.2177534103394,554.0896444320679,45,39,0.8641208723325603
0.2,9,160,643.1109752655029,555.7422065734863,45,39,0.864146668223244
0.2,9,165,643.8972082138062,556.4230422973633,45,39,0.8641488659981922
0.2,9,170,645.4720582962036,557.7937078475952,45,39,0.8641639877022002
0.2,9,175,646.1295461654663,558.3616781234741,45,39,0.8641636672353677
0.2,9,180,646.5453643798828,558.7522773742676,45,39,0.8642120230962903
0.2,9,185,648.6230411529541,560.5465154647827,45,39,0.8642099954827188
0.2,9,190,649.3789081573486,561.1337947845459,45,39,0.8641084392112389
0.2,9,195,646.0716409683228,558.1880140304565,45,39,0.8639723192212114
0.2,9,200,640.6458978652954,553.688871383667,45,39,0.8642666303313891
0.2,9,205,639.0622072219849,552.2321929931641,45,39,0.8641290108418813
0.2,9,210,640.9268264770508,553.9198741912842,45,39,0.8642482282041242
0.2,9,215,640.4915151596069,553.4542350769043,45,39,0.864108613427901
0.2,9,220,634.3173875808716,548.1256980895996,45,39,0.8641189865218949
0.2,9,225,634.173454284668,547.9658880233765,45,39,0.864063111316237
0.2,9,230,632.4185514450073,546.5613651275635,45,39,0.8642399307843351
0.2,9,235,632.0117435455322,546.1268863677979,45,39,0.8641087637139011
0.2,9,240,629.3174819946289,543.6539640426636,45,39,0.8638786933417856
0.2,9,245,625.5970125198364,540.2730779647827,45,39,0.8636119852756663
0.2,9,250,629.2040185928345,543.4452877044678,45,39,0.8637028239581809
0.5,0,5,366.4702396392822,274.8234496116638,45,34,0.7499202387680173
0.5,0,10,464.73563289642334,348.71448135375977,45,34,0.7503502134760511
0.5,0,15,499.5260257720947,374.92792224884033,45,34,0.7505673436520759
0.5,0,20,542.316409111023,407.01543617248535,45,34,0.7505128543679386
0.5,0,25,573.7496366500854,430.839635848999,45,34,0.7509192308417196
0.5,0,30,596.0346307754517,447.8279390335083,45,34,0.7513455022753887
0.5,0,35,630.1193313598633,473.7612886428833,45,34,0.7518596320802541
0.5,0,40,670.2363233566284,504.09234714508057,45,34,0.7521113517401168
0.5,0,45,715.1525325775146,537.9039192199707,45,34,0.752152715283389
0.5,0,50,748.6265878677368,562.8950634002686,45,34,0.7519036493260602
0.5,0,55,779.183910369873,586.064661026001,45,34,0.7521519030697124
0.5,0,60,838.374137878418,630.2591342926025,45,34,0.7517635692908298
0.5,0,65,891.6410274505615,670.4200477600098,45,34,0.7518945709316651
0.5,0,70,920.3093738555908,691.7703647613525,45,34,0.7516715404768876
0.5,0,75,965.8945484161377,725.8043079376221,45,34,0.7514322439522891
0.5,0,80,1009.055721282959,757.7951259613037,45,34,0.7509943306181427
0.5,0,85,1055.1230697631836,793.0845489501953,45,34,0.7516512259827642
0.5,0,90,1120.8513450622559,842.8043041229248,45,34,0.7519322770461697
0.5,0,95,1179.006483078003,886.4191226959229,45,34,0.751835664534914
0.5,0,100,1237.831506729126,929.5733280181885,45,34,0.7509691932745463
0.5,0,105,1284.579200744629,964.8545608520508,45,34,0.7511055451409732
0.5,0,110,1334.905309677124,1002.8681678771973,45,34,0.7512653973335098
0.5,0,115,1401.6599750518799,1052.7201461791992,45,34,0.7510524413313822
0.5,0,120,1473.600191116333,1106.2191200256348,45,34,0.7506914878910353
0.5,0,125,1535.6254119873047,1152.966251373291,45,34,0.7508121722739648
0.5,0,130,1613.4856395721436,1211.3207550048828,45,34,0.7507477756827724
0.5,0,135,1696.3953323364258,1273.050308227539,45,34,0.7504443592603977
0.5,0,140,1780.7530708312988,1336.3445625305176,45,34,0.7504378818264111
0.5,0,145,1873.797061920166,1406.7416191101074,45,34,0.7507438493198159
0.5,0,150,1975.352798461914,1483.1432762145996,45,34,0.7508244994865887
0.5,0,155,2058.561779022217,1546.1390228271484,45,34,0.751077299978599
0.5,0,160,2110.4501342773438,1584.5394172668457,45,34,0.7508063761048872
0.5,0,165,2189.6164779663086,1643.2731285095215,45,34,0.7504844547186522
0.5,0,170,2264.018383026123,1701.2252349853516,45,34,0.751418472455805
0.5,0,175,2360.2873458862305,1771.3445205688477,45,34,0.7504783363161871
0.5,0,180,2445.2523345947266,1835.396915435791,45,34,0.7505961202732016
0.5,0,185,2523.4498710632324,1894.483871459961,45,34,0.7507515378784746
0.5,0,190,2606.7823791503906,1956.3961181640625,45,34,0.7505022796731101
0.5,0,195,2686.0286598205566,2015.0784454345703,45,34,0.7502073509406223
0.5,0,200,2770.8764038085938,2079.0133056640625,45,34,0.7503089285420453
0.5,0,205,2816.5474243164062,2113.299160003662,45,34,0.7503154897228732
0.5,0,210,2828.667510986328,2122.711170196533,45,34,0.7504279530740481
0.5,0,215,2892.7167892456055,2171.0268745422363,45,34,0.7505148387196314
0.5,0,220,2959.304901123047,2220.9574966430664,45,34,0.750499718971242
0.5,0,225,3021.510997772217,2266.4867668151855,45,34,0.750117000562395
0.5,0,230,3075.983383178711,2307.1648330688477,45,34,0.7500576387004505
0.5,0,235,3131.5241928100586,2348.6549758911133,45,34,0.750003778122997
0.5,0,240,3185.4071197509766,2388.9017906188965,45,34,0.749951796053514
0.5,0,245,3240.716785430908,2429.6501541137695,45,34,0.7497261609026121
0.5,0,250,3286.707176208496,2463.9437713623047,45,34,0.7496693922714096
0.5,1,5,327.33094596862793,243.22560739517212,45,34,0.7430571731475782
0.5,1,10,454.34946632385254,332.8827486038208,45,34,0.732657950051485
0.5,1,15,528.2122526168823,389.9130811691284,45,34,0.7381750030170836
0.5,1,20,616.2575626373291,457.9840497970581,45,34,0.7431698652704136
0.5,1,25,712.4042663574219,531.5573644638062,45,34,0.7461456781859257
0.5,1,30,817.0811519622803,610.7096500396729,45,34,0.7474283901580744
0.5,1,35,907.9338321685791,679.5916042327881,45,34,0.7485034483290466
0.5,1,40,964.4281997680664,720.8039588928223,45,34,0.7473899654387609
0.5,1,45,1006.8719139099121,752.0397071838379,45,34,0.7469070263997099
0.5,1,50,1030.071813583374,769.2497272491455,45,34,0.7467923275884121
0.5,1,55,1043.0972156524658,779.047887802124,45,34,0.7468602888704122
0.5,1,60,1055.8503589630127,788.7255973815918,45,34,0.7470050946956404
0.5,1,65,1072.1364479064941,801.5646553039551,45,34,0.7476330618823085
0.5,1,70,1087.101453781128,812.6055374145508,45,34,0.7474974249994485
0.5,1,75,1089.9306755065918,814.7101612091064,45,34,0.7474880554494298
0.5,1,80,1092.7998313903809,816.9813842773438,45,34,0.7476038710931068
0.5,1,85,1102.2096347808838,824.1243286132812,45,34,0.7477019820980917
0.5,1,90,1104.7227725982666,825.6711616516113,45,34,0.7474012323559358
0.5,1,95,1098.2223167419434,820.7731494903564,45,34,0.7473652073701379
0.5,1,100,1102.563388824463,824.3083553314209,45,34,0.7476289922979266
0.5,1,105,1093.2364501953125,816.6978569030762,45,34,0.747045944870543
0.5,1,110,1090.351905822754,814.6854705810547,45,34,0.7471766374052526
0.5,1,115,1099.5402717590332,821.3700122833252,45,34,0.7470122135402146
0.5,1,120,1107.343765258789,827.119213104248,45,34,0.7469398745483048
0.5,1,125,1111.3703536987305,830.0715026855469,45,34,0.746890089269523
0.5,1,130,1117.975694656372,835.1833267211914,45,34,0.7470496279240649
0.5,1,135,1131.26851272583,845.6932525634766,45,34,0.7475619121809987
0.5,1,140,1133.1833095550537,846.6698741912842,45,34,0.747160558271662
0.5,1,145,1130.3225593566895,844.6194190979004,45,34,0.7472375138461409
0.5,1,150,1133.6096572875977,846.9384613037109,45,34,0.7471164839316831
0.5,1,155,1133.7383003234863,847.0515384674072,45,34,0.7471314484354279
0.5,1,160,1135.247947692871,848.1127033233643,45,34,0.7470726593665785
0.5,1,165,1133.8732585906982,847.1100883483887,45,34,0.7470941588315338
0.5,1,170,1128.9666996002197,843.6964683532715,45,34,0.7473174086109303
0.5,1,175,1132.6257762908936,846.1887760162354,45,34,0.7471035833100332
0.5,1,180,1131.704267501831,845.3811454772949,45,34,0.7469982836977562
0.5,1,185,1130.179880142212,844.1967391967773,45,34,0.7469578551429799
0.5,1,190,1128.123685836792,842.7402057647705,45,34,0.7470281994298016
0.5,1,195,1132.1115188598633,845.3195323944092,45,34,0.746675144905972
0.5,1,200,1132.586254119873,845.7673568725586,45,34,0.7467575681728535
0.5,1,205,1137.8099975585938,849.4927635192871,45,34,0.7466033567485332
0.5,1,210,1122.619623184204,838.312177658081,45,34,0.7467464137855415
0.5,1,215,1137.8386936187744,850.1942844390869,45,34,0.7472010656757806
0.5,1,220,1131.6745109558105,845.2979431152344,45,34,0.7469444040064986
0.5,1,225,1140.228853225708,851.4100914001465,45,34,0.7467010582932595
0.5,1,230,1135.8348808288574,848.4646644592285,45,34,0.7469964858273012
0.5,1,235,1142.4022178649902,853.7185764312744,45,34,0.7473012246306464
0.5,1,240,1135.0766639709473,847.9397468566895,45,34,0.7470330188009152
0.5,1,245,1143.252685546875,853.8345108032227,45,34,0.7468467134147078
0.5,1,250,1145.2776508331299,854.8523826599121,45,34,0.7464149693640235
0.5,2,5,312.20794677734375,248.98982620239258,45,36,0.7975127756115797
0.5,2,10,418.67448377609253,326.05206298828125,45,36,0.7787722338547227
0.5,2,15,450.01811933517456,347.92724561691284,45,36,0.7731405262768432
0.5,2,20,506.7648649215698,389.2305335998535,45,36,0.7680692971090104
0.5,2,25,560.265061378479,429.9068775177002,45,36,0.7673276581979864
0.5,2,30,602.8778524398804,465.03765773773193,45,36,0.7713629814989849
0.5,2,35,626.5667791366577,485.7801265716553,45,36,0.7753046327176933
0.5,2,40,659.1464366912842,513.3675546646118,45,36,0.7788368806809621
0.5,2,45,687.6013679504395,537.5669050216675,45,36,0.7818002262328442
0.5,2,50,719.7937717437744,564.0803995132446,45,36,0.7836694643060068
0.5,2,55,751.0600166320801,589.764702796936,45,36,0.7852431093876774
0.5,2,60,780.480975151062,613.8436622619629,45,36,0.7864940745585153
0.5,2,65,796.5224714279175,626.877251625061,45,36,0.7870176600306881
0.5,2,70,815.6962423324585,642.5077981948853,45,36,0.7876802231645116
0.5,2,75,830.7247467041016,654.3630657196045,45,36,0.7877014237456963
0.5,2,80,845.5778532028198,666.4628992080688,45,36,0.7881744971012274
0.5,2,85,858.6938171386719,677.3461322784424,45,36,0.7888098397348258
0.5,2,90,866.2196655273438,683.2983703613281,45,36,0.7888280508447517
0.5,2,95,874.9467792510986,690.355052947998,45,36,0.7890251948111624
0.5,2,100,878.022554397583,692.8899898529053,45,36,0.7891482814223386
0.5,2,105,874.9339580535889,690.3402328491211,45,36,0.7890198185756525
0.5,2,110,821.2753295898438,647.8525218963623,45,36,0.7888371884005185
0.5,2,115,788.5270652770996,621.1130685806274,45,36,0.7876876976472059
0.5,2,120,793.213828086853,624.4799480438232,45,36,0.7872781914934607
0.5,2,125,809.431056022644,637.3856477737427,45,36,0.7874489655804742
0.5,2,130,819.2790393829346,645.5553092956543,45,36,0.7879553586307707
0.5,2,135,835.7768478393555,658.8317050933838,45,36,0.7882866183677978
0.5,2,140,848.0512800216675,668.6317377090454,45,36,0.788433144858836
0.5,2,145,857.3194904327393,676.0167293548584,45,36,0.788523691457933
0.5,2,150,862.7373943328857,680.4634952545166,45,36,0.7887260940864702
0.5,2,155,867.9764575958252,684.6938858032227,45,36,0.7888392361467145
0.5,2,160,872.6523532867432,688.4089756011963,45,36,0.7888696718783642
0.5,2,165,876.7477569580078,691.6729316711426,45,36,0.7889075577119152
0.5,2,170,880.4692802429199,694.6927375793457,45,36,0.7890028115321416
0.5,2,175,883.1297645568848,696.8194694519043,45,36,0.7890340665865072
0.5,2,180,885.3126277923584,698.6145687103271,45,36,0.7891162362073296
0.5,2,185,887.0688133239746,700.0398845672607,45,36,0.7891607438481685
0.5,2,190,888.7525520324707,701.429536819458,45,36,0.7892292800908102
0.5,2,195,890.5810527801514,702.914306640625,45,36,0.7892760624609262
0.5,2,200,890.7114391326904,703.0697441101074,45,36,0.7893350340203382
0.5,2,205,890.9006481170654,703.1592407226562,45,36,0.7892678518180396
0.5,2,210,893.2700672149658,705.0490226745605,45,36,0.7892898783374205
0.5,2,215,893.2946224212646,705.0886306762695,45,36,0.7893125212879198
0.5,2,220,893.6711463928223,705.4514980316162,45,36,0.789386007234396
0.5,2,225,894.2187995910645,705.8582096099854,45,36,0.7893573809148061
0.5,2,230,894.9463272094727,706.396068572998,45,36,0.7893166853654867
0.5,2,235,894.3497848510742,705.8566589355469,45,36,0.7892400388435094
0.5,2,240,893.6493625640869,705.4204769134521,45,36,0.7893705366604153
0.5,2,245,880.5645637512207,694.8489856719971,45,36,0.7890948764868838
0.5,2,250,859.2800846099854,677.5911808013916,45,36,0.7885568313955973
0.5,3,5,281.4917702674866,219.16836786270142,45,35,0.7785960053270354
0.5,3,10,380.1842803955078,287.09377098083496,45,35,0.755143717889043
0.5,3,15,418.22677087783813,312.1176519393921,45,35,0.7462880754483296
0.5,3,20,464.2907557487488,343.4832272529602,45,35,0.7398019947630308
0.5,3,25,501.63684844970703,371.930947303772,45,35,0.7414346622526079
0.5,3,30,527.7207660675049,392.6827440261841,45,35,0.7441108428466736
0.5,3,35,555.3850383758545,414.95477771759033,45,35,0.7471479226935362
0.5,3,40,580.8957824707031,435.5743818283081,45,35,0.7498322332031652
0.5,3,45,614.7373867034912,461.79636096954346,45,35,0.7512091682692512
0.5,3,50,632.0977697372437,475.85139751434326,45,35,0.7528129670701874
0.5,3,55,655.1773338317871,493.4699773788452,45,35,0.7531853620344259
0.5,3,60,681.7092561721802,514.0575084686279,45,35,0.7540714810813586
0.5,3,65,706.6100902557373,533.3745718002319,45,35,0.7548357703287134
0.5,3,70,728.7933168411255,550.44846534729,45,35,0.7552874767473824
0.5,3,75,742.8481597900391,561.8936748504639,45,35,0.7564044784189524
0.5,3,80,757.8540372848511,573.9221506118774,45,35,0.7572990607374164
0.5,3,85,773.6872787475586,585.9782199859619,45,35,0.7573838113695497
0.5,3,90,783.6576137542725,593.9140968322754,45,35,0.7578744676351798
0.5,3,95,792.81263256073,601.3815126419067,45,35,0.7585417889968343
0.5,3,100,801.2459144592285,607.7615127563477,45,35,0.7585205762534629
0.5,3,105,806.0449743270874,611.632025718689,45,35,0.7588063261969948
0.5,3,110,813.7769727706909,617.4863862991333,45,35,0.7587906846230338
0.5,3,115,816.0934371948242,619.5865650177002,45,35,0.759210326635413
0.5,3,120,818.753270149231,621.7762651443481,45,35,0.7594183593685294
0.5,3,125,812.6680955886841,617.2499361038208,45,35,0.7595350912068153
0.5,3,130,801.3209896087646,608.2944202423096,45,35,0.759114547266884
0.5,3,135,798.9956541061401,606.6965990066528,45,35,0.7593240287212593
0.5,3,140,786.6125555038452,596.8933115005493,45,35,0.7588148794780212
0.5,3,145,745.3108777999878,565.0354776382446,45,35,0.7581205299272141
0.5,3,150,741.171139717102,561.8356809616089,45,35,0.7580377201088205
0.5,3,155,747.654483795166,566.9360027313232,45,35,0.7582861000893097
0.5,3,160,757.9895210266113,574.9689292907715,45,35,0.7585446940111258
0.5,3,165,774.3050909042358,587.5184679031372,45,35,0.7587687008709069
0.5,3,170,782.1434783935547,593.7961921691895,45,35,0.7591908755523824
0.5,3,175,790.5162315368652,600.2611351013184,45,35,0.7593280329416294
0.5,3,180,798.413815498352,606.4759702682495,45,35,0.7596010470957344
0.5,3,185,803.1556434631348,610.2838172912598,45,35,0.7598574725314388
0.5,3,190,805.0807523727417,611.8381452560425,45,35,0.7599711500403239
0.5,3,195,808.9203405380249,614.8771657943726,45,35,0.7601207869064188
0.5,3,200,810.7699108123779,616.2027587890625,45,35,0.7600217405350389
0.5,3,205,812.8822298049927,617.7992162704468,45,35,0.760010729252445
0.5,3,210,813.543436050415,618.3502025604248,45,35,0.7600702988427837
0.5,3,215,816.2419414520264,620.3976650238037,45,35,0.7600658989908889
0.5,3,220,815.3807849884033,619.811710357666,45,35,0.7601500081541417
0.5,3,225,817.481276512146,621.5247602462769,45,35,0.7602923493221334
0.5,3,230,819.0117330551147,622.6059617996216,45,35,0.7601917489962541
0.5,3,235,815.7851037979126,619.9086637496948,45,35,0.7598921098996417
0.5,3,240,806.2267065048218,612.793963432312,45,35,0.7600764877771341
0.5,3,245,798.3343420028687,606.3850870132446,45,35,0.7595628236309355
0.5,3,250,790.0288982391357,600.1721611022949,45,35,0.7596838070607217
0.5,4,5,284.8704972267151,234.48457622528076,45,37,0.8231269243675473
0.5,4,10,353.4977493286133,288.42139530181885,45,37,0.8159073030863911
0.5,4,15,383.16215658187866,312.8248109817505,45,37,0.816429299209515
0.5,4,20,424.8498830795288,346.92123222351074,45,37,0.8165736794108256
0.5,4,25,479.9705295562744,392.55809688568115,45,37,0.8178795836665106
0.5,4,30,555.4209642410278,454.60738372802734,45,37,0.8184915820547732
0.5,4,35,646.5952224731445,529.6443796157837,45,37,0.8191281983030441
0.5,4,40,729.6329050064087,597.7948513031006,45,37,0.8193090624083751
0.5,4,45,770.0941343307495,630.5307455062866,45,37,0.818771001358488
0.5,4,50,780.046407699585,638.3844318389893,45,37,0.8183928873176043
0.5,4,55,828.7682037353516,678.3800354003906,45,37,0.818540132624363
0.5,4,60,871.0779075622559,712.9247722625732,45,37,0.8184397354970453
0.5,4,65,896.3177509307861,733.6801147460938,45,37,0.8185491294624019
0.5,4,70,908.0347690582275,743.2636528015137,45,37,0.8185409613470993
0.5,4,75,919.7236022949219,752.8937549591064,45,37,0.8186087136183768
0.5,4,80,913.3720111846924,747.8598213195801,45,37,0.8187899477558602
0.5,4,85,895.1175003051758,732.6299858093262,45,37,0.818473536222392
0.5,4,90,900.6316986083984,736.9923267364502,45,37,0.8183060044135747
0.5,4,95,934.0865745544434,764.3985404968262,45,37,0.8183380013372329
0.5,4,100,943.8239326477051,772.4079475402832,45,37,0.8183813959595725
0.5,4,105,954.6158638000488,781.2946758270264,45,37,0.8184388144535102
0.5,4,110,961.6267051696777,787.1914501190186,45,37,0.8186039820723561
0.5,4,115,966.7017192840576,791.3161392211914,45,37,0.8185732200903106
0.5,4,120,968.4334659576416,792.7246379852295,45,37,0.8185638620009252
0.5,4,125,969.1385135650635,793.3923683166504,45,37,0.8186573510509702
0.5,4,130,967.3695964813232,791.7807693481445,45,37,0.8184883753098503
0.5,4,135,968.9348812103271,793.1390953063965,45,37,0.8185680077031189
0.5,4,140,968.9263610839844,793.0747871398926,45,37,0.8185088351323634
0.5,4,145,968.1626796722412,792.4502964019775,45,37,0.8185094437540708
0.5,4,150,967.9061164855957,792.0812110900879,45,37,0.8183450828537818
0.5,4,155,963.3153991699219,788.7014064788818,45,37,0.818736425430857
0.5,4,160,961.6709251403809,787.092945098877,45,37,0.8184639095582301
0.5,4,165,961.8293285369873,787.2964572906494,45,37,0.8185407056449235
0.5,4,170,960.9164409637451,786.3377876281738,45,37,0.8183206719197358
0.5,4,175,965.1290760040283,789.7797431945801,45,37,0.8183151485442169
0.5,4,180,971.9061489105225,795.3886260986328,45,37,0.8183800740331139
0.5,4,185,980.9903430938721,802.8221282958984,45,37,0.8183792368066917
0.5,4,190,980.0338096618652,801.8790054321289,45,37,0.8182156549362264
0.5,4,195,978.125524520874,800.5169582366943,45,37,0.8184194545263702
0.5,4,200,979.9020023345947,802.030517578125,45,37,0.8184803334081411
0.5,4,205,984.8425159454346,805.9923610687256,45,37,0.8183972036330943
0.5,4,210,984.2004337310791,805.5045166015625,45,37,0.8184354415979216
0.5,4,215,984.2655239105225,805.4993095397949,45,37,0.8183760275779205
0.5,4,220,982.5780143737793,804.0054340362549,45,37,0.8182611683497377
0.5,4,225,984.5005989074707,805.8347721099854,45,37,0.8185213630182074
0.5,4,230,986.7358322143555,807.677713394165,45,37,0.8185348976145287
0.5,4,235,982.7144775390625,804.324104309082,45,37,0.8184718172905004
0.5,4,240,989.5403289794922,809.796724319458,45,37,0.8183564637073422
0.5,4,245,981.3896045684814,802.927978515625,45,37,0.818154150785684
0.5,4,250,983.9144058227539,805.1481513977051,45,37,0.8183111728346284
0.5,5,5,1080.4102897644043,884.0413494110107,45,37,0.8182459550656309
0.5,5,10,1222.7848167419434,996.1867561340332,45,37,0.814686887254888
0.5,5,15,1336.1033325195312,1088.0772533416748,45,37,0.8143660949410652
0.5,5,20,1456.030143737793,1186.4142742156982,45,37,0.8148280990735801
0.5,5,25,1562.7241802215576,1274.2741012573242,45,37,0.8154184323663958
0.5,5,30,1676.8788871765137,1368.146556854248,45,37,0.8158887128443115
0.5,5,35,1770.3977546691895,1445.5152702331543,45,37,0.8164918117529231
0.5,5,40,1853.1243591308594,1513.9669647216797,45,37,0.8169807694027346
0.5,5,45,1915.1815299987793,1565.7108268737793,45,37,0.8175260685992395
0.5,5,50,1959.252098083496,1602.2936325073242,45,37,0.8178088129009315
0.5,5,55,1993.9449195861816,1631.0094299316406,45,37,0.8179811858946111
0.5,5,60,1997.4162788391113,1633.9576416015625,45,37,0.818035608757134
0.5,5,65,2025.8166198730469,1657.1899337768555,45,37,0.8180355109736965
0.5,5,70,2016.9619979858398,1649.424430847168,45,37,0.8177766524576568
0.5,5,75,2034.0834121704102,1662.2856979370117,45,37,0.8172160925118193
0.5,5,80,2012.231086730957,1643.55269241333,45,37,0.8167812848391198
0.5,5,85,2013.441047668457,1645.231185913086,45,37,0.8171240910272715
0.5,5,90,2035.2712898254395,1663.4923362731934,45,37,0.8173319913611451
0.5,5,95,2045.5032119750977,1671.313117980957,45,37,0.8170669731518873
0.5,5,100,2063.4797134399414,1686.215431213379,45,37,0.8171708305299297
0.5,5,105,2076.729133605957,1697.1046752929688,45,37,0.8172007835928883
0.5,5,110,2082.7080841064453,1702.166259765625,45,37,0.8172850879848162
0.5,5,115,2084.5326766967773,1703.8146476745605,45,37,0.8173604888624166
0.5,5,120,2091.50439453125,1709.6414108276367,45,37,0.8174218592597328
0.5,5,125,2092.178192138672,1710.3459358215332,45,37,0.8174953463563149
0.5,5,130,2097.330509185791,1714.55224609375,45,37,0.8174926357979502
0.5,5,135,2099.1907386779785,1716.0818786621094,45,37,0.8174968796512779
0.5,5,140,2101.303928375244,1717.898780822754,45,37,0.8175394133256368
0.5,5,145,2101.0724143981934,1717.7088432312012,45,37,0.8175390964443274
0.5,5,150,2104.3088150024414,1720.3289527893066,45,37,0.8175268480198378
0.5,5,155,2103.222457885742,1719.526538848877,45,37,0.8175676008031147
0.5,5,160,2105.1106719970703,1721.1090240478516,45,37,0.8175860048322657
0.5,5,165,2104.5419311523438,1720.6187705993652,45,37,0.8175740027461644
0.5,5,170,2106.376739501953,1722.1056594848633,45,37,0.8175677347690659
0.5,5,175,2105.585807800293,1721.3611106872559,45,37,0.8175212353304957
0.5,5,180,2103.326011657715,1719.60990524292,45,37,0.8175669847241732
0.5,5,185,2100.6454849243164,1717.2968978881836,45,37,0.8175091466945241
0.5,5,190,2106.1871757507324,1721.7033157348633,45,37,0.8174502891088852
0.5,5,195,2088.710723876953,1707.105857849121,45,37,0.8173012367555053
0.5,5,200,2095.7211380004883,1712.547519683838,45,37,0.8171638337902941
0.5,5,205,2105.563488006592,1719.4319152832031,45,37,0.816613664264784
0.5,5,210,2072.8171577453613,1691.597499847412,45,37,0.8160862107526121
0.5,5,215,2104.2037353515625,1716.6584777832031,45,37,0.8158233202149456
0.5,5,220,2141.3795890808105,1747.7585487365723,45,37,0.8161834350381563
0.5,5,225,2152.14400100708,1755.8142471313477,45,37,0.8158442215343056
0.5,5,230,2154.8091049194336,1757.578025817871,45,37,0.8156537030613599
0.5,5,235,2155.1520385742188,1758.5349311828613,45,37,0.8159679223124566
0.5,5,240,2175.4627075195312,1774.7167510986328,45,37,0.8157881746096072
0.5,5,245,2164.143856048584,1766.0874633789062,45,37,0.8160674986752164
0.5,5,250,2185.678207397461,1783.5653953552246,45,37,0.8160237812312534
0.5,6,5,408.3166456222534,283.46560859680176,45,31,0.6942298621326449
0.5,6,10,470.8921604156494,327.1414785385132,45,31,0.6947269588216326
0.5,6,15,511.26471424102783,355.0263795852661,45,31,0.6944081406288753
0.5,6,20,575.4370641708374,399.6559057235718,45,31,0.6945258319421012
0.5,6,25,650.3012771606445,451.76653575897217,45,31,0.6947034422744508
0.5,6,30,715.1173887252808,497.134072303772,45,31,0.6951782744227887
0.5,6,35,770.2659378051758,535.7953948974609,45,31,0.6955979339086127
0.5,6,40,821.6327095031738,571.0999965667725,45,31,0.6950794314312357
0.5,6,45,866.6062602996826,602.8385410308838,45,31,0.6956314172279513
0.5,6,50,899.8995056152344,626.1701240539551,45,31,0.6958222780952197
0.5,6,55,924.8850955963135,643.9601440429688,45,31,0.6962596187451577
0.5,6,60,934.6799659729004,650.6877174377441,45,31,0.6961609760838814
0.5,6,65,941.9883098602295,655.9382095336914,45,31,0.6963337046412154
0.5,6,70,938.1922283172607,653.7290229797363,45,31,0.6967964594550761
0.5,6,75,942.5165615081787,657.1230583190918,45,31,0.6972005428398924
0.5,6,80,941.8928089141846,656.5680389404297,45,31,0.6970729925173986
0.5,6,85,962.4197826385498,671.1550445556641,45,31,0.6973620624418576
0.5,6,90,959.4675769805908,669.0291423797607,45,31,0.6972920799316327
0.5,6,95,971.402135848999,676.861457824707,45,31,0.6967881095228743
0.5,6,100,973.5873546600342,678.7845573425293,45,31,0.6971994388521537
0.5,6,105,984.6026210784912,686.3251571655273,45,31,0.6970580236865058
0.5,6,110,984.3764724731445,686.1233444213867,45,31,0.6970131485340886
0.5,6,115,986.2719764709473,687.2519607543945,45,31,0.6968178931875373
0.5,6,120,991.5399761199951,690.7502479553223,45,31,0.696643871746153
0.5,6,125,992.3489894866943,691.4241199493408,45,31,0.6967549997778386
0.5,6,130,996.526876449585,694.3803901672363,45,31,0.6968004642696306
0.5,6,135,994.5925331115723,693.1310539245605,45,31,0.6968995149763558
0.5,6,140,996.2369365692139,694.2733936309814,45,31,0.696895856945318
0.5,6,145,994.3932571411133,693.038595199585,45,31,0.6969461932918516
0.5,6,150,991.7453575134277,691.1790142059326,45,31,0.6969319381931905
0.5,6,155,992.5974159240723,691.8798446655273,45,31,0.6970397399447303
0.5,6,160,988.5377082824707,688.7464256286621,45,31,0.6967325776831721
0.5,6,165,983.7390232086182,684.8038215637207,45,31,0.6961234691393309
0.5,6,170,983.647985458374,684.7046699523926,45,31,0.6960870962728842
0.5,6,175,988.0857677459717,687.9388828277588,45,31,0.6962339761224263
0.5,6,180,995.6831607818604,693.3966541290283,45,31,0.6964029135378144
0.5,6,185,974.7414932250977,678.4085121154785,45,31,0.6959881330903931
0.5,6,190,983.8764781951904,685.0255069732666,45,31,0.6962515337594688
0.5,6,195,990.1543197631836,689.8586254119873,45,31,0.6967182909195214
0.5,6,200,993.6339855194092,692.3175010681152,45,31,0.696753041016622
0.5,6,205,996.5945091247559,694.0990600585938,45,31,0.6964708853033669
0.5,6,210,1001.9993953704834,698.1881866455078,45,31,0.696795017912517
0.5,6,215,1003.1154689788818,698.9086818695068,45,31,0.6967380161936472
0.5,6,220,1002.8283843994141,698.6563549041748,45,31,0.6966858594879061
0.5,6,225,996.917350769043,694.4893417358398,45,31,0.6966368287201496
0.5,6,230,1001.0855579376221,698.1408615112305,45,31,0.6973838109796516
0.5,6,235,1000.2256565093994,696.4078617095947,45,31,0.6962507481960893
0.5,6,240,991.2895202636719,690.9033737182617,45,31,0.6969743547117178
0.5,6,245,987.4374046325684,688.2707614898682,45,31,0.6970272325727597
0.5,6,250,999.6103687286377,696.043155670166,45,31,0.6963144615590905
0.5,7,5,356.03556871414185,256.8538179397583,45,33,0.7214274092541115
0.5,7,10,429.30201721191406,308.32503509521484,45,33,0.7182007601492757
0.5,7,15,497.41130542755127,356.89789485931396,45,33,0.7175106214213218
0.5,7,20,543.7535943984985,390.53418350219727,45,33,0.7182190380446245
0.5,7,25,564.3167457580566,406.6398687362671,45,33,0.7205879885595453
0.5,7,30,587.2468090057373,424.48987770080566,45,33,0.7228474828488302
0.5,7,35,617.5612335205078,447.6540517807007,45,33,0.724873951735564
0.5,7,40,647.9752502441406,470.5740671157837,45,33,0.726222285401306
0.5,7,45,677.8999452590942,493.1012077331543,45,33,0.7273952611763225
0.5,7,50,712.872989654541,519.7071304321289,45,33,0.7290318724012517
0.5,7,55,738.8624668121338,539.3265333175659,45,33,0.7299417111340378
0.5,7,60,770.2004795074463,563.056396484375,45,33,0.7310517345359957
0.5,7,65,799.7400703430176,585.4862098693848,45,33,0.7320956290438997
0.5,7,70,820.0265274047852,600.2601928710938,45,33,0.7320009448606409
0.5,7,75,840.923999786377,616.3294944763184,45,33,0.7329193775333872
0.5,7,80,863.2369766235352,632.985372543335,45,33,0.7332695304818765
0.5,7,85,874.931734085083,641.6403617858887,45,33,0.7333604860690668
0.5,7,90,884.7396411895752,649.143424987793,45,33,0.733711246525574
0.5,7,95,896.9289989471436,657.7490844726562,45,33,0.733334617617171
0.5,7,100,905.8034687042236,664.0883445739746,45,33,0.7331483787801897
0.5,7,105,908.5561790466309,666.2267818450928,45,33,0.7332807780187894
0.5,7,110,900.9027919769287,660.7628746032715,45,33,0.7334452512388177
0.5,7,115,880.4526081085205,645.506010055542,45,33,0.7331524764771656
0.5,7,120,860.1006603240967,630.5515766143799,45,33,0.7331136990137636
0.5,7,125,839.2726249694824,615.4123268127441,45,33,0.7332686763554583
0.5,7,130,843.8839817047119,619.1786937713623,45,33,0.7337249043649009
0.5,7,135,865.2434558868408,635.0360298156738,45,33,0.7339391306517146
0.5,7,140,875.8735599517822,642.8536434173584,45,33,0.7339571289864572
0.5,7,145,886.0613956451416,650.5150146484375,45,33,0.7341647179818691
0.5,7,150,893.3043403625488,656.1075248718262,45,33,0.7344725590447073
0.5,7,155,900.1084861755371,660.9518623352051,45,33,0.7343024451902646
0.5,7,160,900.4379901885986,661.1490306854248,45,33,0.7342527057825992
0.5,7,165,904.8283462524414,664.2886276245117,45,33,0.7341598330510068
0.5,7,170,906.378173828125,665.5577449798584,45,33,0.7343046911300253
0.5,7,175,902.8798198699951,662.654109954834,45,33,0.7339339027981024
0.5,7,180,897.4964389801025,658.7734794616699,45,33,0.7340123602164779
0.5,7,185,896.1213188171387,657.7873554229736,45,33,0.7340382843377037
0.5,7,190,895.5904369354248,657.559455871582,45,33,0.7342189339600927
0.5,7,195,899.9284477233887,660.734167098999,45,33,0.7342074459036196
0.5,7,200,883.0373420715332,648.1795501708984,45,33,0.7340341334267038
0.5,7,205,886.2590351104736,650.7093963623047,45,33,0.734220324514031
0.5,7,210,874.2178993225098,641.257740020752,45,33,0.7335216317553152
0.5,7,215,858.9165439605713,630.1198596954346,45,33,0.7336217518757673
0.5,7,220,849.890172958374,623.9080848693848,45,33,0.7341043639763815
0.5,7,225,866.100471496582,635.9209289550781,45,33,0.7342345950421145
0.5,7,230,877.0280818939209,644.198579788208,45,33,0.7345244617448007
0.5,7,235,883.3049392700195,648.7733554840088,45,33,0.7344840118523135
0.5,7,240,885.6359558105469,650.4306602478027,45,33,0.734422147136651
0.5,7,245,890.6530075073242,654.1978988647461,45,33,0.7345148933990049
0.5,7,250,892.1549282073975,655.260570526123,45,33,0.7344694848491552
0.5,8,5,340.0815544128418,225.72027683258057,45,30,0.6637239623956991
0.5,8,10,446.39009857177734,296.57544708251953,45,30,0.6643862577405062
0.5,8,15,529.1557235717773,351.94829177856445,45,30,0.6651128885140439
0.5,8,20,594.0269641876221,396.0753412246704,45,30,0.6667632365246811
0.5,8,25,662.4005851745605,441.78581523895264,45,30,0.6669465956503184
0.5,8,30,725.0638523101807,483.6011838912964,45,30,0.6669773735795234
0.5,8,35,778.6420764923096,518.8039016723633,45,30,0.666293175433715
0.5,8,40,839.2439193725586,558.2197437286377,45,30,0.6651460092150291
0.5,8,45,884.2332363128662,587.596118927002,45,30,0.6645261620985863
0.5,8,50,907.1858673095703,602.5326347351074,45,30,0.6641777131317425
0.5,8,55,921.1656455993652,611.9529418945312,45,30,0.6643245379568595
0.5,8,60,949.599630355835,630.6595649719238,45,30,0.6641320666222266
0.5,8,65,972.4393653869629,645.8696784973145,45,30,0.6641747562741896
0.5,8,70,987.0048904418945,655.5747623443604,45,30,0.6642061946125217
0.5,8,75,1006.263858795166,668.2826957702637,45,30,0.6641227247994583
0.5,8,80,1004.5747985839844,667.3647689819336,45,30,0.6643256131077829
0.5,8,85,1012.0760517120361,672.551441192627,45,30,0.6645265838026033
0.5,8,90,1016.9630470275879,675.2002582550049,45,30,0.663937849294034
0.5,8,95,1007.7806701660156,669.4263305664062,45,30,0.664257958486273
0.5,8,100,969.9591178894043,643.0668430328369,45,30,0.6629834507171047
0.5,8,105,947.1638259887695,627.5087985992432,45,30,0.6625134758964948
0.5,8,110,975.6381244659424,646.76535987854,45,30,0.662915217906818
0.5,8,115,981.294490814209,650.2264366149902,45,30,0.6626211017199103
0.5,8,120,989.4756336212158,655.5597820281982,45,30,0.6625325169746973
0.5,8,125,989.7788734436035,655.8650245666504,45,30,0.6626379307175828
0.5,8,130,1002.2944183349609,664.3140811920166,45,30,0.6627933559638023
0.5,8,135,997.7276058197021,661.2010536193848,45,30,0.6627069851156036
0.5,8,140,1004.4650402069092,665.4708118438721,45,30,0.6625126661519165
0.5,8,145,1011.5930404663086,670.3627605438232,45,30,0.6626802812273294
0.5,8,150,1016.5893173217773,673.6970920562744,45,30,0.6627032967758708
0.5,8,155,1021.0973949432373,676.7642059326172,45,30,0.6627812481788162
0.5,8,160,1020.9688415527344,676.6138134002686,45,30,0.6627173973020017
0.5,8,165,1020.3519115447998,676.3162574768066,45,30,0.6628264717541145
0.5,8,170,1025.0671272277832,679.7333946228027,45,30,0.6631111042074775
0.5,8,175,993.7343616485596,658.617259979248,45,30,0.6627699367128974
0.5,8,180,999.6848602294922,661.691930770874,45,30,0.6619005219494595
0.5,8,185,992.0689754486084,657.4980487823486,45,30,0.6627543699620592
0.5,8,190,980.948808670044,649.9287090301514,45,30,0.662551096740017
0.5,8,195,1003.6989879608154,664.4731369018555,45,30,0.6620243169237866
0.5,8,200,1007.1361122131348,667.2156352996826,45,30,0.662488046261698
0.5,8,205,1014.4489612579346,672.1694736480713,45,30,0.6625956547035827
0.5,8,210,1018.4507064819336,674.8847198486328,45,30,0.662658207759419
0.5,8,215,1021.9548397064209,677.2721748352051,45,30,0.66272221483854
0.5,8,220,1022.530876159668,677.670768737793,45,30,0.6627386854888225
0.5,8,225,1023.8575325012207,678.7032699584961,45,30,0.66288838868086
0.5,8,230,1026.055067062378,680.1343746185303,45,30,0.6628634236618234
0.5,8,235,1025.0941848754883,679.5898952484131,45,30,0.6629536146778142
0.5,8,240,1025.228063583374,679.550859451294,45,30,0.6628289680991849
0.5,8,245,1022.5282402038574,677.917646408081,45,30,0.6629818324361649
0.5,8,250,1020.3054180145264,676.4565277099609,45,30,0.6629941542663937
0.5,9,5,322.5900411605835,278.30291414260864,45,39,0.8627139050584334
0.5,9,10,383.76347160339355,331.1637258529663,45,39,0.8629370702462579
0.5,9,15,412.00067615509033,355.1820659637451,45,39,0.8620909782925751
0.5,9,20,429.80814361572266,370.18882274627686,45,39,0.8612885266251484
0.5,9,25,450.8295478820801,388.4852457046509,45,39,0.8617120318082234
0.5,9,30,474.6277551651001,409.5089750289917,45,39,0.8628003115547729
0.5,9,35,507.0768690109253,437.65382385253906,45,39,0.8630916742587772
0.5,9,40,544.984377861023,470.49731254577637,45,39,0.8633225678732346
0.5,9,45,585.4526176452637,505.77645111083984,45,39,0.8639067208292817
0.5,9,50,624.3244285583496,539.6701145172119,45,39,0.8644065326153952
0.5,9,55,660.7381601333618,570.993992805481,45,39,0.8641758978930958
0.5,9,60,694.9623651504517,600.3426828384399,45,39,0.8638491995296342
0.5,9,65,725.2320384979248,626.3873958587646,45,39,0.8637061831356974
0.5,9,70,751.9145565032959,649.6621036529541,45,39,0.8640105422006225
0.5,9,75,766.9727516174316,662.7262763977051,45,39,0.8640806012992155
0.5,9,80,777.1039848327637,671.8817920684814,45,39,0.8645970232839207
0.5,9,85,793.5119962692261,686.1488924026489,45,39,0.8646988270229611
0.5,9,90,804.0083770751953,695.3690166473389,45,39,0.8648778252497029
0.5,9,95,808.6613597869873,699.704252243042,45,39,0.8652623793318788
0.5,9,100,808.4598255157471,699.2261581420898,45,39,0.864886709362492
0.5,9,105,813.0889225006104,703.3114547729492,45,39,0.8649871315549996
0.5,9,110,811.5509185791016,701.9847812652588,45,39,0.864991666196772
0.5,9,115,818.238073348999,707.6517429351807,45,39,0.8648482220324996
0.5,9,120,828.3658676147461,716.4065856933594,45,39,0.8648431975549996
0.5,9,125,829.9764003753662,717.7925853729248,45,39,0.8648349339189574
0.5,9,130,835.0634727478027,722.3049354553223,45,39,0.8649700999117518
0.5,9,135,833.5164680480957,720.8035335540771,45,39,0.8647741960540176
0.5,9,140,835.2303733825684,722.408613204956,45,39,0.8649213872327217
0.5,9,145,833.6496810913086,720.741626739502,45,39,0.8645617494821055
0.5,9,150,838.741979598999,725.1406288146973,45,39,0.8645574520562149
0.5,9,155,839.3876762390137,725.8071041107178,45,39,0.8646863954005026
0.5,9,160,837.689266204834,724.3201179504395,45,39,0.8646644372465027
0.5,9,165,837.4465503692627,724.085132598877,45,39,0.8646344441679279
0.5,9,170,833.0669918060303,720.5407676696777,45,39,0.8649253598532279
0.5,9,175,833.6309871673584,721.0524005889893,45,39,0.8649539324816762
0.5,9,180,819.0083866119385,708.0746955871582,45,39,0.8645512148127201
0.5,9,185,809.6311702728271,700.0937347412109,45,39,0.8647069930685778
0.5,9,190,819.8879852294922,708.8819713592529,45,39,0.8646083173920779
0.5,9,195,826.7045478820801,714.691930770874,45,39,0.8645070752324151
0.5,9,200,836.0819053649902,722.7698364257812,45,39,0.8644725257033955
0.5,9,205,836.3910884857178,723.0611019134521,45,39,0.8645012026880273
0.5,9,210,842.4450263977051,728.1454105377197,45,39,0.8643239472268816
0.5,9,215,840.0577430725098,726.254020690918,45,39,0.8645286906524356
0.5,9,220,838.3596515655518,724.6437511444092,45,39,0.8643590489967038
0.5,9,225,832.0341701507568,719.0562477111816,45,39,0.8642148045204615
0.5,9,230,825.4822635650635,713.9177112579346,45,39,0.8648492436102639
0.5,9,235,826.8433036804199,715.2841739654541,45,39,0.8650782691008102
0.5,9,240,815.113691329956,705.3961448669434,45,39,0.8653960206655391
0.5,9,245,811.4315452575684,702.0259876251221,45,39,0.8651697012867313
0.5,9,250,813.0147933959961,703.3163414001465,45,39,0.8650720098983248
